id_provincia,cantidad,cobertura,sexo,grupo_etario,anio
02,63675.0,Tiene,varon,0 a 4,2010
02,21302.0,No tiene,varon,0 a 4,2010
02,20272.0,No tiene,mujer,0 a 4,2010
02,61459.0,Tiene,mujer,0 a 4,2010
02,48921.0,Tiene,varon,0 a 4,2022
02,11966.0,No tiene,varon,0 a 4,2022
02,50416.0,Tiene,mujer,0 a 4,2022
02,12507.0,No tiene,mujer,0 a 4,2022
02,55800.0,Tiene,mujer,10 a 14,2010
02,18197.0,No tiene,varon,10 a 14,2010
02,58042.0,Tiene,varon,10 a 14,2010
02,17539.0,No tiene,mujer,10 a 14,2010
02,69610.0,Tiene,mujer,10 a 14,2022
02,16841.0,No tiene,varon,10 a 14,2022
02,17149.0,No tiene,mujer,10 a 14,2022
02,67099.0,Tiene,varon,10 a 14,2022
02,11.0,No tiene,mujer,100 y más,2010
02,3.0,No tiene,varon,100 y más,2010
02,464.0,Tiene,mujer,100 y más,2010
02,65.0,Tiene,varon,100 y más,2010
02,10.0,No tiene,mujer,100 y más,2022
02,593.0,Tiene,varon,100 y más,2022
02,10.0,No tiene,varon,100 y más,2022
02,109.0,Tiene,mujer,100 y más,2022
02,62589.0,Tiene,mujer,15 a 19,2010
02,62180.0,Tiene,varon,15 a 19,2010
02,21747.0,No tiene,mujer,15 a 19,2010
02,21098.0,No tiene,varon,15 a 19,2010
02,18651.0,No tiene,mujer,15 a 19,2022
02,19169.0,No tiene,varon,15 a 19,2022
02,72136.0,Tiene,varon,15 a 19,2022
02,71775.0,Tiene,mujer,15 a 19,2022
02,84344.0,Tiene,mujer,20 a 24,2010
02,31342.0,No tiene,varon,20 a 24,2010
02,32006.0,No tiene,mujer,20 a 24,2010
02,80324.0,Tiene,varon,20 a 24,2010
02,30132.0,No tiene,varon,20 a 24,2022
02,28680.0,No tiene,mujer,20 a 24,2022
02,73233.0,Tiene,mujer,20 a 24,2022
02,80479.0,Tiene,varon,20 a 24,2022
02,29112.0,No tiene,mujer,25 a 29,2010
02,97347.0,Tiene,mujer,25 a 29,2010
02,90463.0,Tiene,varon,25 a 29,2010
02,30332.0,No tiene,varon,25 a 29,2010
02,80582.0,Tiene,mujer,25 a 29,2022
02,91167.0,Tiene,varon,25 a 29,2022
02,30012.0,No tiene,mujer,25 a 29,2022
02,30142.0,No tiene,varon,25 a 29,2022
02,24410.0,No tiene,varon,30 a 34,2010
02,95492.0,Tiene,varon,30 a 34,2010
02,105804.0,Tiene,mujer,30 a 34,2010
02,23451.0,No tiene,mujer,30 a 34,2010
02,94533.0,Tiene,mujer,30 a 34,2022
02,106049.0,Tiene,varon,30 a 34,2022
02,24660.0,No tiene,varon,30 a 34,2022
02,26337.0,No tiene,mujer,30 a 34,2022
02,91865.0,Tiene,mujer,35 a 39,2010
02,19678.0,No tiene,varon,35 a 39,2010
02,19912.0,No tiene,mujer,35 a 39,2010
02,84150.0,Tiene,varon,35 a 39,2010
02,19856.0,No tiene,varon,35 a 39,2022
02,95017.0,Tiene,mujer,35 a 39,2022
02,22238.0,No tiene,mujer,35 a 39,2022
02,105226.0,Tiene,varon,35 a 39,2022
02,16630.0,No tiene,mujer,40 a 44,2010
02,68539.0,Tiene,varon,40 a 44,2010
02,16158.0,No tiene,varon,40 a 44,2010
02,79173.0,Tiene,mujer,40 a 44,2010
02,19505.0,No tiene,mujer,40 a 44,2022
02,17733.0,No tiene,varon,40 a 44,2022
02,91714.0,Tiene,mujer,40 a 44,2022
02,104487.0,Tiene,varon,40 a 44,2022
02,14069.0,No tiene,varon,45 a 49,2010
02,75901.0,Tiene,mujer,45 a 49,2010
02,66534.0,Tiene,varon,45 a 49,2010
02,14751.0,No tiene,mujer,45 a 49,2010
02,84447.0,Tiene,mujer,45 a 49,2022
02,16938.0,No tiene,varon,45 a 49,2022
02,16774.0,No tiene,mujer,45 a 49,2022
02,100042.0,Tiene,varon,45 a 49,2022
02,17212.0,No tiene,mujer,5 a 9,2010
02,59497.0,Tiene,mujer,5 a 9,2010
02,60965.0,Tiene,varon,5 a 9,2010
02,18179.0,No tiene,varon,5 a 9,2010
02,64839.0,Tiene,varon,5 a 9,2022
02,16663.0,No tiene,varon,5 a 9,2022
02,67406.0,Tiene,mujer,5 a 9,2022
02,16459.0,No tiene,mujer,5 a 9,2022
02,12693.0,No tiene,varon,50 a 54,2010
02,15386.0,No tiene,mujer,50 a 54,2010
02,79032.0,Tiene,mujer,50 a 54,2010
02,64002.0,Tiene,varon,50 a 54,2010
02,14410.0,No tiene,mujer,50 a 54,2022
02,15530.0,No tiene,varon,50 a 54,2022
02,72203.0,Tiene,mujer,50 a 54,2022
02,71054.0,Tiene,varon,50 a 54,2022
02,72589.0,Tiene,mujer,55 a 59,2010
02,59330.0,Tiene,varon,55 a 59,2010
02,12876.0,No tiene,mujer,55 a 59,2010
02,11310.0,No tiene,varon,55 a 59,2010
02,64495.0,Tiene,mujer,55 a 59,2022
02,13830.0,No tiene,varon,55 a 59,2022
02,81124.0,Tiene,varon,55 a 59,2022
02,12327.0,No tiene,mujer,55 a 59,2022
02,56305.0,Tiene,varon,60 a 64,2010
02,7333.0,No tiene,mujer,60 a 64,2010
02,81908.0,Tiene,mujer,60 a 64,2010
02,9295.0,No tiene,varon,60 a 64,2010
02,10512.0,No tiene,mujer,60 a 64,2022
02,82665.0,Tiene,varon,60 a 64,2022
02,8901.0,No tiene,varon,60 a 64,2022
02,61874.0,Tiene,mujer,60 a 64,2022
02,2825.0,No tiene,mujer,65 a 69,2010
02,71041.0,Tiene,mujer,65 a 69,2010
02,3857.0,No tiene,varon,65 a 69,2010
02,49744.0,Tiene,varon,65 a 69,2010
02,4684.0,No tiene,mujer,65 a 69,2022
02,81763.0,Tiene,varon,65 a 69,2022
02,3905.0,No tiene,varon,65 a 69,2022
02,57811.0,Tiene,mujer,65 a 69,2022
02,1625.0,No tiene,mujer,70 a 74,2010
02,63212.0,Tiene,mujer,70 a 74,2010
02,1297.0,No tiene,varon,70 a 74,2010
02,40257.0,Tiene,varon,70 a 74,2010
02,51777.0,Tiene,mujer,70 a 74,2022
02,2148.0,No tiene,varon,70 a 74,2022
02,1534.0,No tiene,mujer,70 a 74,2022
02,76337.0,Tiene,varon,70 a 74,2022
02,1052.0,No tiene,mujer,75 a 79,2010
02,33336.0,Tiene,varon,75 a 79,2010
02,58227.0,Tiene,mujer,75 a 79,2010
02,686.0,No tiene,varon,75 a 79,2010
02,65811.0,Tiene,varon,75 a 79,2022
02,40348.0,Tiene,mujer,75 a 79,2022
02,891.0,No tiene,mujer,75 a 79,2022
02,1292.0,No tiene,varon,75 a 79,2022
02,268.0,No tiene,varon,80 a 84,2010
02,24435.0,Tiene,varon,80 a 84,2010
02,52323.0,Tiene,mujer,80 a 84,2010
02,838.0,No tiene,mujer,80 a 84,2010
02,782.0,No tiene,varon,80 a 84,2022
02,393.0,No tiene,mujer,80 a 84,2022
02,46701.0,Tiene,varon,80 a 84,2022
02,25444.0,Tiene,mujer,80 a 84,2022
02,33871.0,Tiene,mujer,85 a 89,2010
02,13294.0,Tiene,varon,85 a 89,2010
02,154.0,No tiene,varon,85 a 89,2010
02,570.0,No tiene,mujer,85 a 89,2010
02,14085.0,Tiene,mujer,85 a 89,2022
02,246.0,No tiene,mujer,85 a 89,2022
02,481.0,No tiene,varon,85 a 89,2022
02,30331.0,Tiene,varon,85 a 89,2022
02,12769.0,Tiene,mujer,90 a 94,2010
02,3895.0,Tiene,varon,90 a 94,2010
02,201.0,No tiene,mujer,90 a 94,2010
02,12.0,No tiene,varon,90 a 94,2010
02,16643.0,Tiene,varon,90 a 94,2022
02,139.0,No tiene,mujer,90 a 94,2022
02,6090.0,Tiene,mujer,90 a 94,2022
02,271.0,No tiene,varon,90 a 94,2022
02,627.0,Tiene,varon,95 a 99,2010
02,53.0,No tiene,varon,95 a 99,2010
02,3247.0,Tiene,mujer,95 a 99,2010
02,54.0,No tiene,mujer,95 a 99,2010
02,4664.0,Tiene,varon,95 a 99,2022
02,128.0,No tiene,varon,95 a 99,2022
02,1389.0,Tiene,mujer,95 a 99,2022
02,78.0,No tiene,mujer,95 a 99,2022
06,371872.0,Tiene,varon,0 a 4,2010
06,278694.0,No tiene,mujer,0 a 4,2010
06,356966.0,Tiene,mujer,0 a 4,2010
06,285413.0,No tiene,varon,0 a 4,2010
06,245315.0,No tiene,mujer,0 a 4,2022
06,279139.0,Tiene,varon,0 a 4,2022
06,288403.0,Tiene,mujer,0 a 4,2022
06,240549.0,No tiene,varon,0 a 4,2022
06,364578.0,Tiene,mujer,10 a 14,2010
06,278338.0,No tiene,varon,10 a 14,2010
06,271194.0,No tiene,mujer,10 a 14,2010
06,379039.0,Tiene,varon,10 a 14,2010
06,424404.0,Tiene,mujer,10 a 14,2022
06,283813.0,No tiene,varon,10 a 14,2022
06,290451.0,No tiene,mujer,10 a 14,2022
06,408383.0,Tiene,varon,10 a 14,2022
06,88.0,No tiene,mujer,100 y más,2010
06,59.0,No tiene,varon,100 y más,2010
06,968.0,Tiene,mujer,100 y más,2010
06,160.0,Tiene,varon,100 y más,2010
06,85.0,No tiene,varon,100 y más,2022
06,437.0,Tiene,mujer,100 y más,2022
06,62.0,No tiene,mujer,100 y más,2022
06,1457.0,Tiene,varon,100 y más,2022
06,358422.0,Tiene,mujer,15 a 19,2010
06,361350.0,Tiene,varon,15 a 19,2010
06,295609.0,No tiene,mujer,15 a 19,2010
06,305120.0,No tiene,varon,15 a 19,2010
06,400244.0,Tiene,varon,15 a 19,2022
06,407628.0,Tiene,mujer,15 a 19,2022
06,281879.0,No tiene,mujer,15 a 19,2022
06,277787.0,No tiene,varon,15 a 19,2022
06,321758.0,Tiene,mujer,20 a 24,2010
06,306129.0,No tiene,varon,20 a 24,2010
06,315492.0,No tiene,mujer,20 a 24,2010
06,337628.0,Tiene,varon,20 a 24,2010
06,343154.0,No tiene,varon,20 a 24,2022
06,312014.0,Tiene,mujer,20 a 24,2022
06,307293.0,Tiene,varon,20 a 24,2022
06,330901.0,No tiene,mujer,20 a 24,2022
06,240982.0,No tiene,varon,25 a 29,2010
06,350730.0,Tiene,mujer,25 a 29,2010
06,353075.0,Tiene,varon,25 a 29,2010
06,252313.0,No tiene,mujer,25 a 29,2010
06,321980.0,Tiene,mujer,25 a 29,2022
06,335580.0,No tiene,varon,25 a 29,2022
06,311559.0,No tiene,mujer,25 a 29,2022
06,327659.0,Tiene,varon,25 a 29,2022
06,213886.0,No tiene,varon,30 a 34,2010
06,377111.0,Tiene,varon,30 a 34,2010
06,216455.0,No tiene,mujer,30 a 34,2010
06,389974.0,Tiene,mujer,30 a 34,2010
06,391676.0,Tiene,varon,30 a 34,2022
06,272774.0,No tiene,varon,30 a 34,2022
06,363888.0,Tiene,mujer,30 a 34,2022
06,264575.0,No tiene,mujer,30 a 34,2022
06,181288.0,No tiene,varon,35 a 39,2010
06,344335.0,Tiene,varon,35 a 39,2010
06,182307.0,No tiene,mujer,35 a 39,2010
06,356243.0,Tiene,mujer,35 a 39,2010
06,223958.0,No tiene,mujer,35 a 39,2022
06,414325.0,Tiene,varon,35 a 39,2022
06,224208.0,No tiene,varon,35 a 39,2022
06,379185.0,Tiene,mujer,35 a 39,2022
06,317039.0,Tiene,mujer,40 a 44,2010
06,158247.0,No tiene,varon,40 a 44,2010
06,297391.0,Tiene,varon,40 a 44,2010
06,158645.0,No tiene,mujer,40 a 44,2010
06,400725.0,Tiene,mujer,40 a 44,2022
06,211513.0,No tiene,mujer,40 a 44,2022
06,444857.0,Tiene,varon,40 a 44,2022
06,210110.0,No tiene,varon,40 a 44,2022
06,277292.0,Tiene,varon,45 a 49,2010
06,146380.0,No tiene,varon,45 a 49,2010
06,148940.0,No tiene,mujer,45 a 49,2010
06,298554.0,Tiene,mujer,45 a 49,2010
06,180279.0,No tiene,mujer,45 a 49,2022
06,177919.0,No tiene,varon,45 a 49,2022
06,404756.0,Tiene,varon,45 a 49,2022
06,355355.0,Tiene,mujer,45 a 49,2022
06,268732.0,No tiene,varon,5 a 9,2010
06,260697.0,No tiene,mujer,5 a 9,2010
06,385904.0,Tiene,varon,5 a 9,2010
06,372148.0,Tiene,mujer,5 a 9,2010
06,383817.0,Tiene,varon,5 a 9,2022
06,289346.0,No tiene,varon,5 a 9,2022
06,295654.0,No tiene,mujer,5 a 9,2022
06,399396.0,Tiene,mujer,5 a 9,2022
06,138327.0,No tiene,mujer,50 a 54,2010
06,280534.0,Tiene,mujer,50 a 54,2010
06,252042.0,Tiene,varon,50 a 54,2010
06,141047.0,No tiene,varon,50 a 54,2010
06,154554.0,No tiene,mujer,50 a 54,2022
06,150562.0,No tiene,varon,50 a 54,2022
06,310655.0,Tiene,mujer,50 a 54,2022
06,356127.0,Tiene,varon,50 a 54,2022
06,118831.0,No tiene,mujer,55 a 59,2010
06,127063.0,No tiene,varon,55 a 59,2010
06,271305.0,Tiene,mujer,55 a 59,2010
06,223878.0,Tiene,varon,55 a 59,2010
06,131428.0,No tiene,mujer,55 a 59,2022
06,127091.0,No tiene,varon,55 a 59,2022
06,270605.0,Tiene,mujer,55 a 59,2022
06,319730.0,Tiene,varon,55 a 59,2022
06,51983.0,No tiene,mujer,60 a 64,2010
06,299495.0,Tiene,mujer,60 a 64,2010
06,100023.0,No tiene,varon,60 a 64,2010
06,208639.0,Tiene,varon,60 a 64,2010
06,251452.0,Tiene,mujer,60 a 64,2022
06,105495.0,No tiene,mujer,60 a 64,2022
06,347284.0,Tiene,varon,60 a 64,2022
06,61607.0,No tiene,varon,60 a 64,2022
06,13121.0,No tiene,mujer,65 a 69,2010
06,213263.0,Tiene,varon,65 a 69,2010
06,26225.0,No tiene,varon,65 a 69,2010
06,273861.0,Tiene,mujer,65 a 69,2010
06,270174.0,Tiene,mujer,65 a 69,2022
06,349346.0,Tiene,varon,65 a 69,2022
06,15911.0,No tiene,varon,65 a 69,2022
06,33313.0,No tiene,mujer,65 a 69,2022
06,7335.0,No tiene,varon,70 a 74,2010
06,172470.0,Tiene,varon,70 a 74,2010
06,227027.0,Tiene,mujer,70 a 74,2010
06,7487.0,No tiene,mujer,70 a 74,2010
06,235223.0,Tiene,mujer,70 a 74,2022
06,8247.0,No tiene,varon,70 a 74,2022
06,305563.0,Tiene,varon,70 a 74,2022
06,7702.0,No tiene,mujer,70 a 74,2022
06,4571.0,No tiene,varon,75 a 79,2010
06,6174.0,No tiene,mujer,75 a 79,2010
06,190099.0,Tiene,mujer,75 a 79,2010
06,125109.0,Tiene,varon,75 a 79,2010
06,4264.0,No tiene,mujer,75 a 79,2022
06,5353.0,No tiene,varon,75 a 79,2022
06,162514.0,Tiene,mujer,75 a 79,2022
06,235577.0,Tiene,varon,75 a 79,2022
06,3557.0,No tiene,mujer,80 a 84,2010
06,145850.0,Tiene,mujer,80 a 84,2010
06,79406.0,Tiene,varon,80 a 84,2010
06,2000.0,No tiene,varon,80 a 84,2010
06,92182.0,Tiene,mujer,80 a 84,2022
06,2471.0,No tiene,mujer,80 a 84,2022
06,158330.0,Tiene,varon,80 a 84,2022
06,3288.0,No tiene,varon,80 a 84,2022
06,1646.0,No tiene,mujer,85 a 89,2010
06,37096.0,Tiene,varon,85 a 89,2010
06,83643.0,Tiene,mujer,85 a 89,2010
06,684.0,No tiene,varon,85 a 89,2010
06,44758.0,Tiene,mujer,85 a 89,2022
06,2142.0,No tiene,varon,85 a 89,2022
06,1461.0,No tiene,mujer,85 a 89,2022
06,93109.0,Tiene,varon,85 a 89,2022
06,752.0,No tiene,mujer,90 a 94,2010
06,240.0,No tiene,varon,90 a 94,2010
06,9484.0,Tiene,varon,90 a 94,2010
06,28881.0,Tiene,mujer,90 a 94,2010
06,1634.0,No tiene,varon,90 a 94,2022
06,1277.0,No tiene,mujer,90 a 94,2022
06,16689.0,Tiene,mujer,90 a 94,2022
06,42994.0,Tiene,varon,90 a 94,2022
06,6785.0,Tiene,mujer,95 a 99,2010
06,226.0,No tiene,mujer,95 a 99,2010
06,77.0,No tiene,varon,95 a 99,2010
06,1541.0,Tiene,varon,95 a 99,2010
06,1130.0,No tiene,varon,95 a 99,2022
06,3910.0,Tiene,mujer,95 a 99,2022
06,943.0,No tiene,mujer,95 a 99,2022
06,11486.0,Tiene,varon,95 a 99,2022
10,8444.0,Tiene,mujer,0 a 4,2010
10,8411.0,Tiene,varon,0 a 4,2010
10,7943.0,No tiene,varon,0 a 4,2010
10,7859.0,No tiene,mujer,0 a 4,2010
10,6355.0,Tiene,varon,0 a 4,2022
10,6505.0,Tiene,mujer,0 a 4,2022
10,7262.0,No tiene,mujer,0 a 4,2022
10,7253.0,No tiene,varon,0 a 4,2022
10,11550.0,Tiene,varon,10 a 14,2010
10,8224.0,No tiene,varon,10 a 14,2010
10,11158.0,Tiene,mujer,10 a 14,2010
10,7967.0,No tiene,mujer,10 a 14,2010
10,10221.0,Tiene,mujer,10 a 14,2022
10,7062.0,No tiene,varon,10 a 14,2022
10,9927.0,Tiene,varon,10 a 14,2022
10,7220.0,No tiene,mujer,10 a 14,2022
10,24.0,Tiene,mujer,100 y más,2010
10,12.0,Tiene,varon,100 y más,2010
10,1.0,No tiene,varon,100 y más,2010
10,1.0,No tiene,mujer,100 y más,2010
10,28.0,Tiene,varon,100 y más,2022
10,7.0,Tiene,mujer,100 y más,2022
10,3.0,No tiene,mujer,100 y más,2022
10,4.0,No tiene,varon,100 y más,2022
10,11042.0,Tiene,mujer,15 a 19,2010
10,7732.0,No tiene,varon,15 a 19,2010
10,11293.0,Tiene,varon,15 a 19,2010
10,7174.0,No tiene,mujer,15 a 19,2010
10,7236.0,No tiene,varon,15 a 19,2022
10,10260.0,Tiene,mujer,15 a 19,2022
10,10287.0,Tiene,varon,15 a 19,2022
10,7571.0,No tiene,mujer,15 a 19,2022
10,5845.0,Tiene,varon,20 a 24,2010
10,9005.0,No tiene,varon,20 a 24,2010
10,8911.0,No tiene,mujer,20 a 24,2010
10,5498.0,Tiene,mujer,20 a 24,2010
10,12585.0,No tiene,mujer,20 a 24,2022
10,12571.0,No tiene,varon,20 a 24,2022
10,5706.0,Tiene,varon,20 a 24,2022
10,5745.0,Tiene,mujer,20 a 24,2022
10,7443.0,No tiene,mujer,25 a 29,2010
10,6550.0,Tiene,varon,25 a 29,2010
10,6475.0,Tiene,mujer,25 a 29,2010
10,7438.0,No tiene,varon,25 a 29,2010
10,6484.0,Tiene,mujer,25 a 29,2022
10,6648.0,Tiene,varon,25 a 29,2022
10,11540.0,No tiene,mujer,25 a 29,2022
10,11948.0,No tiene,varon,25 a 29,2022
10,6223.0,No tiene,varon,30 a 34,2010
10,8239.0,Tiene,mujer,30 a 34,2010
10,8043.0,Tiene,varon,30 a 34,2010
10,6193.0,No tiene,mujer,30 a 34,2010
10,7904.0,No tiene,mujer,30 a 34,2022
10,8049.0,Tiene,mujer,30 a 34,2022
10,8245.0,Tiene,varon,30 a 34,2022
10,8630.0,No tiene,varon,30 a 34,2022
10,4259.0,No tiene,mujer,35 a 39,2010
10,4577.0,No tiene,varon,35 a 39,2010
10,7765.0,Tiene,mujer,35 a 39,2010
10,7702.0,Tiene,varon,35 a 39,2010
10,6565.0,No tiene,varon,35 a 39,2022
10,6108.0,No tiene,mujer,35 a 39,2022
10,9255.0,Tiene,varon,35 a 39,2022
10,8919.0,Tiene,mujer,35 a 39,2022
10,3183.0,No tiene,varon,40 a 44,2010
10,3372.0,No tiene,mujer,40 a 44,2010
10,6630.0,Tiene,varon,40 a 44,2010
10,6787.0,Tiene,mujer,40 a 44,2010
10,5712.0,No tiene,varon,40 a 44,2022
10,9535.0,Tiene,mujer,40 a 44,2022
10,10445.0,Tiene,varon,40 a 44,2022
10,5585.0,No tiene,mujer,40 a 44,2022
10,6731.0,Tiene,mujer,45 a 49,2010
10,2447.0,No tiene,mujer,45 a 49,2010
10,2362.0,No tiene,varon,45 a 49,2010
10,6380.0,Tiene,varon,45 a 49,2010
10,8710.0,Tiene,mujer,45 a 49,2022
10,4490.0,No tiene,mujer,45 a 49,2022
10,9270.0,Tiene,varon,45 a 49,2022
10,4329.0,No tiene,varon,45 a 49,2022
10,9905.0,Tiene,mujer,5 a 9,2010
10,8002.0,No tiene,mujer,5 a 9,2010
10,8090.0,No tiene,varon,5 a 9,2010
10,9370.0,Tiene,varon,5 a 9,2010
10,8905.0,Tiene,varon,5 a 9,2022
10,7684.0,No tiene,mujer,5 a 9,2022
10,7685.0,No tiene,varon,5 a 9,2022
10,9124.0,Tiene,mujer,5 a 9,2022
10,5858.0,Tiene,varon,50 a 54,2010
10,2522.0,No tiene,mujer,50 a 54,2010
10,5970.0,Tiene,mujer,50 a 54,2010
10,2689.0,No tiene,varon,50 a 54,2010
10,3247.0,No tiene,mujer,50 a 54,2022
10,8088.0,Tiene,varon,50 a 54,2022
10,3315.0,No tiene,varon,50 a 54,2022
10,7456.0,Tiene,mujer,50 a 54,2022
10,5339.0,Tiene,varon,55 a 59,2010
10,2007.0,No tiene,mujer,55 a 59,2010
10,2186.0,No tiene,varon,55 a 59,2010
10,4901.0,Tiene,mujer,55 a 59,2010
10,2430.0,No tiene,varon,55 a 59,2022
10,2612.0,No tiene,mujer,55 a 59,2022
10,7427.0,Tiene,varon,55 a 59,2022
10,6673.0,Tiene,mujer,55 a 59,2022
10,962.0,No tiene,mujer,60 a 64,2010
10,1769.0,No tiene,varon,60 a 64,2010
10,4611.0,Tiene,varon,60 a 64,2010
10,5320.0,Tiene,mujer,60 a 64,2010
10,6323.0,Tiene,mujer,60 a 64,2022
10,7629.0,Tiene,varon,60 a 64,2022
10,2071.0,No tiene,mujer,60 a 64,2022
10,1262.0,No tiene,varon,60 a 64,2022
10,4702.0,Tiene,mujer,65 a 69,2010
10,315.0,No tiene,mujer,65 a 69,2010
10,602.0,No tiene,varon,65 a 69,2010
10,3860.0,Tiene,varon,65 a 69,2010
10,743.0,No tiene,mujer,65 a 69,2022
10,6287.0,Tiene,mujer,65 a 69,2022
10,362.0,No tiene,varon,65 a 69,2022
10,7497.0,Tiene,varon,65 a 69,2022
10,222.0,No tiene,mujer,70 a 74,2010
10,2758.0,Tiene,varon,70 a 74,2010
10,3640.0,Tiene,mujer,70 a 74,2010
10,223.0,No tiene,varon,70 a 74,2010
10,207.0,No tiene,mujer,70 a 74,2022
10,5239.0,Tiene,mujer,70 a 74,2022
10,142.0,No tiene,varon,70 a 74,2022
10,5963.0,Tiene,varon,70 a 74,2022
10,163.0,No tiene,varon,75 a 79,2010
10,2220.0,Tiene,varon,75 a 79,2010
10,3061.0,Tiene,mujer,75 a 79,2010
10,209.0,No tiene,mujer,75 a 79,2010
10,4218.0,Tiene,varon,75 a 79,2022
10,3171.0,Tiene,mujer,75 a 79,2022
10,104.0,No tiene,varon,75 a 79,2022
10,86.0,No tiene,mujer,75 a 79,2022
10,96.0,No tiene,mujer,80 a 84,2010
10,2259.0,Tiene,mujer,80 a 84,2010
10,1246.0,Tiene,varon,80 a 84,2010
10,95.0,No tiene,varon,80 a 84,2010
10,1799.0,Tiene,mujer,80 a 84,2022
10,72.0,No tiene,mujer,80 a 84,2022
10,60.0,No tiene,varon,80 a 84,2022
10,2801.0,Tiene,varon,80 a 84,2022
10,29.0,No tiene,varon,85 a 89,2010
10,1242.0,Tiene,mujer,85 a 89,2010
10,466.0,Tiene,varon,85 a 89,2010
10,60.0,No tiene,mujer,85 a 89,2010
10,866.0,Tiene,mujer,85 a 89,2022
10,51.0,No tiene,varon,85 a 89,2022
10,36.0,No tiene,mujer,85 a 89,2022
10,1665.0,Tiene,varon,85 a 89,2022
10,24.0,No tiene,varon,90 a 94,2010
10,19.0,No tiene,mujer,90 a 94,2010
10,203.0,Tiene,varon,90 a 94,2010
10,470.0,Tiene,mujer,90 a 94,2010
10,306.0,Tiene,mujer,90 a 94,2022
10,771.0,Tiene,varon,90 a 94,2022
10,17.0,No tiene,mujer,90 a 94,2022
10,19.0,No tiene,varon,90 a 94,2022
10,3.0,No tiene,varon,95 a 99,2010
10,64.0,Tiene,mujer,95 a 99,2010
10,3.0,No tiene,mujer,95 a 99,2010
10,39.0,Tiene,varon,95 a 99,2010
10,6.0,No tiene,mujer,95 a 99,2022
10,77.0,Tiene,mujer,95 a 99,2022
10,10.0,No tiene,varon,95 a 99,2022
10,202.0,Tiene,varon,95 a 99,2022
14,50905.0,No tiene,varon,0 a 4,2010
14,81749.0,Tiene,varon,0 a 4,2010
14,49732.0,No tiene,mujer,0 a 4,2010
14,75964.0,Tiene,mujer,0 a 4,2010
14,50491.0,No tiene,varon,0 a 4,2022
14,51681.0,No tiene,mujer,0 a 4,2022
14,66660.0,Tiene,mujer,0 a 4,2022
14,64605.0,Tiene,varon,0 a 4,2022
14,57157.0,No tiene,mujer,10 a 14,2010
14,71650.0,Tiene,varon,10 a 14,2010
14,56326.0,No tiene,varon,10 a 14,2010
14,80471.0,Tiene,mujer,10 a 14,2010
14,59891.0,No tiene,mujer,10 a 14,2022
14,83269.0,Tiene,varon,10 a 14,2022
14,86221.0,Tiene,mujer,10 a 14,2022
14,58441.0,No tiene,varon,10 a 14,2022
14,198.0,Tiene,mujer,100 y más,2010
14,1.0,No tiene,varon,100 y más,2010
14,27.0,Tiene,varon,100 y más,2010
14,3.0,No tiene,mujer,100 y más,2010
14,81.0,Tiene,mujer,100 y más,2022
14,6.0,No tiene,mujer,100 y más,2022
14,18.0,No tiene,varon,100 y más,2022
14,311.0,Tiene,varon,100 y más,2022
14,80280.0,Tiene,mujer,15 a 19,2010
14,61907.0,No tiene,varon,15 a 19,2010
14,47809.0,No tiene,mujer,15 a 19,2010
14,82304.0,Tiene,varon,15 a 19,2010
14,60527.0,No tiene,varon,15 a 19,2022
14,86681.0,Tiene,mujer,15 a 19,2022
14,86001.0,Tiene,varon,15 a 19,2022
14,61730.0,No tiene,mujer,15 a 19,2022
14,57442.0,No tiene,mujer,20 a 24,2010
14,58822.0,No tiene,varon,20 a 24,2010
14,77136.0,Tiene,varon,20 a 24,2010
14,79691.0,Tiene,mujer,20 a 24,2010
14,82487.0,Tiene,varon,20 a 24,2022
14,71151.0,No tiene,mujer,20 a 24,2022
14,73224.0,No tiene,varon,20 a 24,2022
14,80169.0,Tiene,mujer,20 a 24,2022
14,79209.0,Tiene,varon,25 a 29,2010
14,82376.0,Tiene,mujer,25 a 29,2010
14,48641.0,No tiene,mujer,25 a 29,2010
14,50864.0,No tiene,varon,25 a 29,2010
14,81040.0,Tiene,varon,25 a 29,2022
14,76926.0,Tiene,mujer,25 a 29,2022
14,68329.0,No tiene,mujer,25 a 29,2022
14,69413.0,No tiene,varon,25 a 29,2022
14,43639.0,No tiene,varon,30 a 34,2010
14,43551.0,No tiene,mujer,30 a 34,2010
14,81198.0,Tiene,varon,30 a 34,2010
14,86621.0,Tiene,mujer,30 a 34,2010
14,87660.0,Tiene,varon,30 a 34,2022
14,57723.0,No tiene,mujer,30 a 34,2022
14,57219.0,No tiene,varon,30 a 34,2022
14,80204.0,Tiene,mujer,30 a 34,2022
14,73942.0,Tiene,mujer,35 a 39,2010
14,70117.0,Tiene,varon,35 a 39,2010
14,35679.0,No tiene,mujer,35 a 39,2010
14,35796.0,No tiene,varon,35 a 39,2010
14,49361.0,No tiene,mujer,35 a 39,2022
14,90225.0,Tiene,varon,35 a 39,2022
14,48645.0,No tiene,varon,35 a 39,2022
14,82467.0,Tiene,mujer,35 a 39,2022
14,30913.0,No tiene,mujer,40 a 44,2010
14,32489.0,No tiene,varon,40 a 44,2010
14,59417.0,Tiene,varon,40 a 44,2010
14,64543.0,Tiene,mujer,40 a 44,2010
14,88282.0,Tiene,mujer,40 a 44,2022
14,47140.0,No tiene,varon,40 a 44,2022
14,47887.0,No tiene,mujer,40 a 44,2022
14,97436.0,Tiene,varon,40 a 44,2022
14,29762.0,No tiene,mujer,45 a 49,2010
14,59084.0,Tiene,varon,45 a 49,2010
14,30942.0,No tiene,varon,45 a 49,2010
14,65565.0,Tiene,mujer,45 a 49,2010
14,84743.0,Tiene,varon,45 a 49,2022
14,38095.0,No tiene,varon,45 a 49,2022
14,39936.0,No tiene,mujer,45 a 49,2022
14,75042.0,Tiene,mujer,45 a 49,2022
14,52720.0,No tiene,mujer,5 a 9,2010
14,78214.0,Tiene,mujer,5 a 9,2010
14,53587.0,No tiene,varon,5 a 9,2010
14,81673.0,Tiene,varon,5 a 9,2010
14,84357.0,Tiene,mujer,5 a 9,2022
14,59311.0,No tiene,varon,5 a 9,2022
14,60255.0,No tiene,mujer,5 a 9,2022
14,81428.0,Tiene,varon,5 a 9,2022
14,28855.0,No tiene,varon,50 a 54,2010
14,25798.0,No tiene,mujer,50 a 54,2010
14,51161.0,Tiene,varon,50 a 54,2010
14,61622.0,Tiene,mujer,50 a 54,2010
14,34346.0,No tiene,mujer,50 a 54,2022
14,32102.0,No tiene,varon,50 a 54,2022
14,64481.0,Tiene,mujer,50 a 54,2022
14,73918.0,Tiene,varon,50 a 54,2022
14,25387.0,No tiene,varon,55 a 59,2010
14,22352.0,No tiene,mujer,55 a 59,2010
14,60408.0,Tiene,mujer,55 a 59,2010
14,49658.0,Tiene,varon,55 a 59,2010
14,26764.0,No tiene,varon,55 a 59,2022
14,71186.0,Tiene,varon,55 a 59,2022
14,29350.0,No tiene,mujer,55 a 59,2022
14,59435.0,Tiene,mujer,55 a 59,2022
14,8347.0,No tiene,mujer,60 a 64,2010
14,40316.0,Tiene,varon,60 a 64,2010
14,19885.0,No tiene,varon,60 a 64,2010
14,69221.0,Tiene,mujer,60 a 64,2010
14,78705.0,Tiene,varon,60 a 64,2022
14,22736.0,No tiene,mujer,60 a 64,2022
14,11255.0,No tiene,varon,60 a 64,2022
14,56627.0,Tiene,mujer,60 a 64,2022
14,2032.0,No tiene,mujer,65 a 69,2010
14,47709.0,Tiene,varon,65 a 69,2010
14,5101.0,No tiene,varon,65 a 69,2010
14,62032.0,Tiene,mujer,65 a 69,2010
14,79359.0,Tiene,varon,65 a 69,2022
14,6380.0,No tiene,mujer,65 a 69,2022
14,61213.0,Tiene,mujer,65 a 69,2022
14,2262.0,No tiene,varon,65 a 69,2022
14,51174.0,Tiene,mujer,70 a 74,2010
14,1512.0,No tiene,varon,70 a 74,2010
14,38108.0,Tiene,varon,70 a 74,2010
14,1357.0,No tiene,mujer,70 a 74,2010
14,53938.0,Tiene,mujer,70 a 74,2022
14,1296.0,No tiene,mujer,70 a 74,2022
14,1308.0,No tiene,varon,70 a 74,2022
14,70021.0,Tiene,varon,70 a 74,2022
14,1132.0,No tiene,varon,75 a 79,2010
14,27430.0,Tiene,varon,75 a 79,2010
14,1338.0,No tiene,mujer,75 a 79,2010
14,42405.0,Tiene,mujer,75 a 79,2010
14,812.0,No tiene,varon,75 a 79,2022
14,746.0,No tiene,mujer,75 a 79,2022
14,36675.0,Tiene,mujer,75 a 79,2022
14,53591.0,Tiene,varon,75 a 79,2022
14,445.0,No tiene,varon,80 a 84,2010
14,17581.0,Tiene,varon,80 a 84,2010
14,920.0,No tiene,mujer,80 a 84,2010
14,31891.0,Tiene,mujer,80 a 84,2010
14,544.0,No tiene,varon,80 a 84,2022
14,21354.0,Tiene,mujer,80 a 84,2022
14,35843.0,Tiene,varon,80 a 84,2022
14,406.0,No tiene,mujer,80 a 84,2022
14,7575.0,Tiene,varon,85 a 89,2010
14,413.0,No tiene,mujer,85 a 89,2010
14,165.0,No tiene,varon,85 a 89,2010
14,17820.0,Tiene,mujer,85 a 89,2010
14,408.0,No tiene,varon,85 a 89,2022
14,197.0,No tiene,mujer,85 a 89,2022
14,20692.0,Tiene,varon,85 a 89,2022
14,9774.0,Tiene,mujer,85 a 89,2022
14,213.0,No tiene,mujer,90 a 94,2010
14,6714.0,Tiene,mujer,90 a 94,2010
14,2166.0,Tiene,varon,90 a 94,2010
14,66.0,No tiene,varon,90 a 94,2010
14,8910.0,Tiene,varon,90 a 94,2022
14,3414.0,Tiene,mujer,90 a 94,2022
14,273.0,No tiene,mujer,90 a 94,2022
14,319.0,No tiene,varon,90 a 94,2022
14,282.0,Tiene,varon,95 a 99,2010
14,1496.0,Tiene,mujer,95 a 99,2010
14,21.0,No tiene,varon,95 a 99,2010
14,35.0,No tiene,mujer,95 a 99,2010
14,2322.0,Tiene,varon,95 a 99,2022
14,733.0,Tiene,mujer,95 a 99,2022
14,220.0,No tiene,mujer,95 a 99,2022
14,175.0,No tiene,varon,95 a 99,2022
18,22966.0,No tiene,mujer,0 a 4,2010
18,20481.0,Tiene,mujer,0 a 4,2010
18,20336.0,Tiene,varon,0 a 4,2010
18,23881.0,No tiene,varon,0 a 4,2010
18,21858.0,No tiene,mujer,0 a 4,2022
18,22494.0,Tiene,mujer,0 a 4,2022
18,21620.0,Tiene,varon,0 a 4,2022
18,21490.0,No tiene,varon,0 a 4,2022
18,23130.0,Tiene,mujer,10 a 14,2010
18,28821.0,No tiene,mujer,10 a 14,2010
18,29205.0,No tiene,varon,10 a 14,2010
18,24296.0,Tiene,varon,10 a 14,2010
18,27465.0,Tiene,mujer,10 a 14,2022
18,23474.0,No tiene,varon,10 a 14,2022
18,26466.0,Tiene,varon,10 a 14,2022
18,24414.0,No tiene,mujer,10 a 14,2022
18,11.0,No tiene,mujer,100 y más,2010
18,22.0,No tiene,varon,100 y más,2010
18,62.0,Tiene,mujer,100 y más,2010
18,4.0,Tiene,varon,100 y más,2010
18,1.0,No tiene,mujer,100 y más,2022
18,63.0,Tiene,varon,100 y más,2022
18,6.0,No tiene,varon,100 y más,2022
18,36.0,Tiene,mujer,100 y más,2022
18,23898.0,Tiene,mujer,15 a 19,2010
18,28940.0,No tiene,mujer,15 a 19,2010
18,22915.0,Tiene,varon,15 a 19,2010
18,29336.0,No tiene,varon,15 a 19,2010
18,26970.0,No tiene,mujer,15 a 19,2022
18,24516.0,Tiene,mujer,15 a 19,2022
18,26104.0,No tiene,varon,15 a 19,2022
18,24796.0,Tiene,varon,15 a 19,2022
18,16454.0,Tiene,mujer,20 a 24,2010
18,15077.0,Tiene,varon,20 a 24,2010
18,27242.0,No tiene,mujer,20 a 24,2010
18,25683.0,No tiene,varon,20 a 24,2010
18,33671.0,No tiene,mujer,20 a 24,2022
18,17036.0,Tiene,mujer,20 a 24,2022
18,19535.0,Tiene,varon,20 a 24,2022
18,34470.0,No tiene,varon,20 a 24,2022
18,14971.0,Tiene,varon,25 a 29,2010
18,15508.0,Tiene,mujer,25 a 29,2010
18,21222.0,No tiene,varon,25 a 29,2010
18,22215.0,No tiene,mujer,25 a 29,2010
18,31895.0,No tiene,varon,25 a 29,2022
18,17306.0,Tiene,mujer,25 a 29,2022
18,20382.0,Tiene,varon,25 a 29,2022
18,31027.0,No tiene,mujer,25 a 29,2022
18,15855.0,Tiene,varon,30 a 34,2010
18,17322.0,Tiene,mujer,30 a 34,2010
18,17650.0,No tiene,varon,30 a 34,2010
18,18613.0,No tiene,mujer,30 a 34,2010
18,24955.0,Tiene,varon,30 a 34,2022
18,23468.0,No tiene,varon,30 a 34,2022
18,21106.0,Tiene,mujer,30 a 34,2022
18,24268.0,No tiene,mujer,30 a 34,2022
18,15596.0,Tiene,mujer,35 a 39,2010
18,14486.0,No tiene,varon,35 a 39,2010
18,15127.0,No tiene,mujer,35 a 39,2010
18,13766.0,Tiene,varon,35 a 39,2010
18,18085.0,No tiene,varon,35 a 39,2022
18,21524.0,Tiene,mujer,35 a 39,2022
18,18584.0,No tiene,mujer,35 a 39,2022
18,24280.0,Tiene,varon,35 a 39,2022
18,13133.0,Tiene,varon,40 a 44,2010
18,11652.0,No tiene,mujer,40 a 44,2010
18,12970.0,No tiene,varon,40 a 44,2010
18,16137.0,Tiene,mujer,40 a 44,2010
18,25202.0,Tiene,varon,40 a 44,2022
18,16778.0,No tiene,varon,40 a 44,2022
18,21502.0,Tiene,mujer,40 a 44,2022
18,17577.0,No tiene,mujer,40 a 44,2022
18,10527.0,No tiene,mujer,45 a 49,2010
18,14129.0,Tiene,varon,45 a 49,2010
18,16515.0,Tiene,mujer,45 a 49,2010
18,11205.0,No tiene,varon,45 a 49,2010
18,21988.0,Tiene,varon,45 a 49,2022
18,14330.0,No tiene,mujer,45 a 49,2022
18,13018.0,No tiene,varon,45 a 49,2022
18,17815.0,Tiene,mujer,45 a 49,2022
18,21685.0,Tiene,mujer,5 a 9,2010
18,22461.0,Tiene,varon,5 a 9,2010
18,26180.0,No tiene,mujer,5 a 9,2010
18,27295.0,No tiene,varon,5 a 9,2010
18,24602.0,No tiene,mujer,5 a 9,2022
18,26286.0,Tiene,varon,5 a 9,2022
18,27518.0,Tiene,mujer,5 a 9,2022
18,23895.0,No tiene,varon,5 a 9,2022
18,9326.0,No tiene,mujer,50 a 54,2010
18,15422.0,Tiene,mujer,50 a 54,2010
18,12393.0,Tiene,varon,50 a 54,2010
18,10617.0,No tiene,varon,50 a 54,2010
18,11866.0,No tiene,mujer,50 a 54,2022
18,10299.0,No tiene,varon,50 a 54,2022
18,20937.0,Tiene,varon,50 a 54,2022
18,16212.0,Tiene,mujer,50 a 54,2022
18,10094.0,No tiene,varon,55 a 59,2010
18,11333.0,Tiene,varon,55 a 59,2010
18,7840.0,No tiene,mujer,55 a 59,2010
18,13448.0,Tiene,mujer,55 a 59,2010
18,10058.0,No tiene,mujer,55 a 59,2022
18,8392.0,No tiene,varon,55 a 59,2022
18,20941.0,Tiene,varon,55 a 59,2022
18,16557.0,Tiene,mujer,55 a 59,2022
18,3333.0,No tiene,mujer,60 a 64,2010
18,7414.0,No tiene,varon,60 a 64,2010
18,14003.0,Tiene,mujer,60 a 64,2010
18,9446.0,Tiene,varon,60 a 64,2010
18,4177.0,No tiene,varon,60 a 64,2022
18,7501.0,No tiene,mujer,60 a 64,2022
18,21730.0,Tiene,varon,60 a 64,2022
18,15863.0,Tiene,mujer,60 a 64,2022
18,13248.0,Tiene,mujer,65 a 69,2010
18,1904.0,No tiene,varon,65 a 69,2010
18,10435.0,Tiene,varon,65 a 69,2010
18,846.0,No tiene,mujer,65 a 69,2010
18,1124.0,No tiene,varon,65 a 69,2022
18,17643.0,Tiene,mujer,65 a 69,2022
18,2595.0,No tiene,mujer,65 a 69,2022
18,21506.0,Tiene,varon,65 a 69,2022
18,8198.0,Tiene,varon,70 a 74,2010
18,10525.0,Tiene,mujer,70 a 74,2010
18,536.0,No tiene,mujer,70 a 74,2010
18,595.0,No tiene,varon,70 a 74,2010
18,14254.0,Tiene,mujer,70 a 74,2022
18,16595.0,Tiene,varon,70 a 74,2022
18,605.0,No tiene,varon,70 a 74,2022
18,660.0,No tiene,mujer,70 a 74,2022
18,6717.0,Tiene,mujer,75 a 79,2010
18,543.0,No tiene,mujer,75 a 79,2010
18,5601.0,Tiene,varon,75 a 79,2010
18,427.0,No tiene,varon,75 a 79,2010
18,8789.0,Tiene,mujer,75 a 79,2022
18,446.0,No tiene,mujer,75 a 79,2022
18,450.0,No tiene,varon,75 a 79,2022
18,12091.0,Tiene,varon,75 a 79,2022
18,3326.0,Tiene,varon,80 a 84,2010
18,312.0,No tiene,mujer,80 a 84,2010
18,210.0,No tiene,varon,80 a 84,2010
18,5586.0,Tiene,mujer,80 a 84,2010
18,248.0,No tiene,varon,80 a 84,2022
18,240.0,No tiene,mujer,80 a 84,2022
18,8021.0,Tiene,varon,80 a 84,2022
18,4808.0,Tiene,mujer,80 a 84,2022
18,142.0,No tiene,mujer,85 a 89,2010
18,90.0,No tiene,varon,85 a 89,2010
18,2969.0,Tiene,mujer,85 a 89,2010
18,1550.0,Tiene,varon,85 a 89,2010
18,160.0,No tiene,varon,85 a 89,2022
18,142.0,No tiene,mujer,85 a 89,2022
18,4554.0,Tiene,varon,85 a 89,2022
18,2162.0,Tiene,mujer,85 a 89,2022
18,504.0,Tiene,varon,90 a 94,2010
18,31.0,No tiene,varon,90 a 94,2010
18,1073.0,Tiene,mujer,90 a 94,2010
18,92.0,No tiene,mujer,90 a 94,2010
18,798.0,Tiene,mujer,90 a 94,2022
18,1929.0,Tiene,varon,90 a 94,2022
18,149.0,No tiene,varon,90 a 94,2022
18,124.0,No tiene,mujer,90 a 94,2022
18,297.0,Tiene,mujer,95 a 99,2010
18,100.0,Tiene,varon,95 a 99,2010
18,17.0,No tiene,mujer,95 a 99,2010
18,4.0,No tiene,varon,95 a 99,2010
18,546.0,Tiene,varon,95 a 99,2022
18,213.0,Tiene,mujer,95 a 99,2022
18,69.0,No tiene,varon,95 a 99,2022
18,61.0,No tiene,mujer,95 a 99,2022
22,33356.0,No tiene,mujer,0 a 4,2010
22,33637.0,No tiene,varon,0 a 4,2010
22,14612.0,Tiene,varon,0 a 4,2010
22,13771.0,Tiene,mujer,0 a 4,2010
22,13775.0,Tiene,varon,0 a 4,2022
22,26535.0,No tiene,varon,0 a 4,2022
22,27882.0,No tiene,mujer,0 a 4,2022
22,13967.0,Tiene,mujer,0 a 4,2022
22,19523.0,Tiene,mujer,10 a 14,2010
22,38097.0,No tiene,mujer,10 a 14,2010
22,39968.0,No tiene,varon,10 a 14,2010
22,20212.0,Tiene,varon,10 a 14,2010
22,19127.0,Tiene,mujer,10 a 14,2022
22,18723.0,Tiene,varon,10 a 14,2022
22,27750.0,No tiene,varon,10 a 14,2022
22,28289.0,No tiene,mujer,10 a 14,2022
22,1.0,No tiene,mujer,100 y más,2010
22,39.0,Tiene,mujer,100 y más,2010
22,8.0,Tiene,varon,100 y más,2010
22,1.0,No tiene,varon,100 y más,2010
22,18.0,Tiene,mujer,100 y más,2022
22,7.0,No tiene,mujer,100 y más,2022
22,20.0,No tiene,varon,100 y más,2022
22,57.0,Tiene,varon,100 y más,2022
22,19341.0,Tiene,mujer,15 a 19,2010
22,18911.0,Tiene,varon,15 a 19,2010
22,37676.0,No tiene,mujer,15 a 19,2010
22,38671.0,No tiene,varon,15 a 19,2010
22,17583.0,Tiene,varon,15 a 19,2022
22,18030.0,Tiene,mujer,15 a 19,2022
22,29876.0,No tiene,mujer,15 a 19,2022
22,29388.0,No tiene,varon,15 a 19,2022
22,12613.0,Tiene,varon,20 a 24,2010
22,32114.0,No tiene,mujer,20 a 24,2010
22,13084.0,Tiene,mujer,20 a 24,2010
22,31985.0,No tiene,varon,20 a 24,2010
22,13966.0,Tiene,varon,20 a 24,2022
22,34889.0,No tiene,varon,20 a 24,2022
22,13154.0,Tiene,mujer,20 a 24,2022
22,34373.0,No tiene,mujer,20 a 24,2022
22,26487.0,No tiene,varon,25 a 29,2010
22,27693.0,No tiene,mujer,25 a 29,2010
22,12570.0,Tiene,varon,25 a 29,2010
22,14367.0,Tiene,mujer,25 a 29,2010
22,32324.0,No tiene,mujer,25 a 29,2022
22,34526.0,No tiene,varon,25 a 29,2022
22,14411.0,Tiene,mujer,25 a 29,2022
22,16304.0,Tiene,varon,25 a 29,2022
22,14639.0,Tiene,varon,30 a 34,2010
22,16484.0,Tiene,mujer,30 a 34,2010
22,23059.0,No tiene,mujer,30 a 34,2010
22,22728.0,No tiene,varon,30 a 34,2010
22,20353.0,Tiene,varon,30 a 34,2022
22,18046.0,Tiene,mujer,30 a 34,2022
22,26245.0,No tiene,varon,30 a 34,2022
22,24978.0,No tiene,mujer,30 a 34,2022
22,17705.0,No tiene,varon,35 a 39,2010
22,13062.0,Tiene,varon,35 a 39,2010
22,15478.0,Tiene,mujer,35 a 39,2010
22,17163.0,No tiene,mujer,35 a 39,2010
22,21493.0,Tiene,varon,35 a 39,2022
22,21412.0,No tiene,varon,35 a 39,2022
22,20328.0,No tiene,mujer,35 a 39,2022
22,18818.0,Tiene,mujer,35 a 39,2022
22,12600.0,Tiene,varon,40 a 44,2010
22,14766.0,Tiene,mujer,40 a 44,2010
22,14988.0,No tiene,varon,40 a 44,2010
22,13918.0,No tiene,mujer,40 a 44,2010
22,21473.0,Tiene,varon,40 a 44,2022
22,18580.0,No tiene,mujer,40 a 44,2022
22,18830.0,No tiene,varon,40 a 44,2022
22,19068.0,Tiene,mujer,40 a 44,2022
22,14418.0,Tiene,mujer,45 a 49,2010
22,12591.0,No tiene,mujer,45 a 49,2010
22,13342.0,No tiene,varon,45 a 49,2010
22,13173.0,Tiene,varon,45 a 49,2010
22,14218.0,No tiene,varon,45 a 49,2022
22,14972.0,No tiene,mujer,45 a 49,2022
22,15526.0,Tiene,mujer,45 a 49,2022
22,19029.0,Tiene,varon,45 a 49,2022
22,36074.0,No tiene,mujer,5 a 9,2010
22,17532.0,Tiene,varon,5 a 9,2010
22,36692.0,No tiene,varon,5 a 9,2010
22,16505.0,Tiene,mujer,5 a 9,2010
22,29960.0,No tiene,mujer,5 a 9,2022
22,18306.0,Tiene,varon,5 a 9,2022
22,18790.0,Tiene,mujer,5 a 9,2022
22,29703.0,No tiene,varon,5 a 9,2022
22,13183.0,No tiene,varon,50 a 54,2010
22,11573.0,Tiene,varon,50 a 54,2010
22,10964.0,No tiene,mujer,50 a 54,2010
22,14164.0,Tiene,mujer,50 a 54,2010
22,17481.0,Tiene,varon,50 a 54,2022
22,10845.0,No tiene,varon,50 a 54,2022
22,13886.0,Tiene,mujer,50 a 54,2022
22,11901.0,No tiene,mujer,50 a 54,2022
22,8547.0,No tiene,mujer,55 a 59,2010
22,13072.0,Tiene,mujer,55 a 59,2010
22,10536.0,Tiene,varon,55 a 59,2010
22,10922.0,No tiene,varon,55 a 59,2010
22,9912.0,No tiene,mujer,55 a 59,2022
22,13919.0,Tiene,mujer,55 a 59,2022
22,16914.0,Tiene,varon,55 a 59,2022
22,9369.0,No tiene,varon,55 a 59,2022
22,7233.0,No tiene,varon,60 a 64,2010
22,3664.0,No tiene,mujer,60 a 64,2010
22,8481.0,Tiene,varon,60 a 64,2010
22,12426.0,Tiene,mujer,60 a 64,2010
22,12952.0,Tiene,mujer,60 a 64,2022
22,18608.0,Tiene,varon,60 a 64,2022
22,4732.0,No tiene,varon,60 a 64,2022
22,8015.0,No tiene,mujer,60 a 64,2022
22,1321.0,No tiene,mujer,65 a 69,2010
22,11999.0,Tiene,mujer,65 a 69,2010
22,2335.0,No tiene,varon,65 a 69,2010
22,9365.0,Tiene,varon,65 a 69,2010
22,14432.0,Tiene,mujer,65 a 69,2022
22,2956.0,No tiene,mujer,65 a 69,2022
22,18128.0,Tiene,varon,65 a 69,2022
22,1378.0,No tiene,varon,65 a 69,2022
22,999.0,No tiene,varon,70 a 74,2010
22,843.0,No tiene,mujer,70 a 74,2010
22,7694.0,Tiene,varon,70 a 74,2010
22,9926.0,Tiene,mujer,70 a 74,2010
22,708.0,No tiene,mujer,70 a 74,2022
22,646.0,No tiene,varon,70 a 74,2022
22,11297.0,Tiene,mujer,70 a 74,2022
22,13517.0,Tiene,varon,70 a 74,2022
22,683.0,No tiene,mujer,75 a 79,2010
22,7343.0,Tiene,mujer,75 a 79,2010
22,5262.0,Tiene,varon,75 a 79,2010
22,705.0,No tiene,varon,75 a 79,2010
22,6648.0,Tiene,mujer,75 a 79,2022
22,304.0,No tiene,mujer,75 a 79,2022
22,379.0,No tiene,varon,75 a 79,2022
22,9603.0,Tiene,varon,75 a 79,2022
22,334.0,No tiene,mujer,80 a 84,2010
22,5474.0,Tiene,mujer,80 a 84,2010
22,224.0,No tiene,varon,80 a 84,2010
22,2883.0,Tiene,varon,80 a 84,2010
22,3644.0,Tiene,mujer,80 a 84,2022
22,178.0,No tiene,varon,80 a 84,2022
22,197.0,No tiene,mujer,80 a 84,2022
22,6573.0,Tiene,varon,80 a 84,2022
22,169.0,No tiene,mujer,85 a 89,2010
22,172.0,No tiene,varon,85 a 89,2010
22,1166.0,Tiene,varon,85 a 89,2010
22,2508.0,Tiene,mujer,85 a 89,2010
22,128.0,No tiene,varon,85 a 89,2022
22,3516.0,Tiene,varon,85 a 89,2022
22,101.0,No tiene,mujer,85 a 89,2022
22,1581.0,Tiene,mujer,85 a 89,2022
22,369.0,Tiene,varon,90 a 94,2010
22,976.0,Tiene,mujer,90 a 94,2010
22,43.0,No tiene,varon,90 a 94,2010
22,65.0,No tiene,mujer,90 a 94,2010
22,87.0,No tiene,varon,90 a 94,2022
22,98.0,No tiene,mujer,90 a 94,2022
22,1472.0,Tiene,varon,90 a 94,2022
22,580.0,Tiene,mujer,90 a 94,2022
22,216.0,Tiene,mujer,95 a 99,2010
22,3.0,No tiene,varon,95 a 99,2010
22,65.0,Tiene,varon,95 a 99,2010
22,12.0,No tiene,mujer,95 a 99,2010
22,128.0,Tiene,mujer,95 a 99,2022
22,70.0,No tiene,mujer,95 a 99,2022
22,68.0,No tiene,varon,95 a 99,2022
22,331.0,Tiene,varon,95 a 99,2022
26,6510.0,No tiene,mujer,0 a 4,2010
26,6399.0,No tiene,varon,0 a 4,2010
26,16562.0,Tiene,varon,0 a 4,2010
26,15543.0,Tiene,mujer,0 a 4,2010
26,5859.0,No tiene,mujer,0 a 4,2022
26,5803.0,No tiene,varon,0 a 4,2022
26,12105.0,Tiene,varon,0 a 4,2022
26,12306.0,Tiene,mujer,0 a 4,2022
26,16660.0,Tiene,varon,10 a 14,2010
26,6556.0,No tiene,varon,10 a 14,2010
26,6472.0,No tiene,mujer,10 a 14,2010
26,16254.0,Tiene,mujer,10 a 14,2010
26,6414.0,No tiene,varon,10 a 14,2022
26,17813.0,Tiene,mujer,10 a 14,2022
26,6677.0,No tiene,mujer,10 a 14,2022
26,17626.0,Tiene,varon,10 a 14,2022
26,,No tiene,varon,100 y más,2010
26,16.0,Tiene,mujer,100 y más,2010
26,1.0,Tiene,varon,100 y más,2010
26,1.0,No tiene,mujer,100 y más,2010
26,9.0,Tiene,mujer,100 y más,2022
26,38.0,Tiene,varon,100 y más,2022
26,1.0,No tiene,mujer,100 y más,2022
26,,No tiene,varon,100 y más,2022
26,7370.0,No tiene,varon,15 a 19,2010
26,15562.0,Tiene,mujer,15 a 19,2010
26,15797.0,Tiene,varon,15 a 19,2010
26,5545.0,No tiene,mujer,15 a 19,2010
26,6353.0,No tiene,varon,15 a 19,2022
26,15542.0,Tiene,varon,15 a 19,2022
26,6676.0,No tiene,mujer,15 a 19,2022
26,16029.0,Tiene,mujer,15 a 19,2022
26,12294.0,Tiene,mujer,20 a 24,2010
26,9141.0,No tiene,varon,20 a 24,2010
26,12321.0,Tiene,varon,20 a 24,2010
26,8403.0,No tiene,mujer,20 a 24,2010
26,10085.0,No tiene,varon,20 a 24,2022
26,10729.0,Tiene,varon,20 a 24,2022
26,10639.0,Tiene,mujer,20 a 24,2022
26,10705.0,No tiene,mujer,20 a 24,2022
26,13929.0,Tiene,mujer,25 a 29,2010
26,7481.0,No tiene,varon,25 a 29,2010
26,15062.0,Tiene,varon,25 a 29,2010
26,6661.0,No tiene,mujer,25 a 29,2010
26,10481.0,No tiene,varon,25 a 29,2022
26,11957.0,Tiene,mujer,25 a 29,2022
26,12882.0,Tiene,varon,25 a 29,2022
26,10822.0,No tiene,mujer,25 a 29,2022
26,6427.0,No tiene,varon,30 a 34,2010
26,15700.0,Tiene,varon,30 a 34,2010
26,5609.0,No tiene,mujer,30 a 34,2010
26,16358.0,Tiene,mujer,30 a 34,2010
26,8282.0,No tiene,mujer,30 a 34,2022
26,16432.0,Tiene,varon,30 a 34,2022
26,7820.0,No tiene,varon,30 a 34,2022
26,14947.0,Tiene,mujer,30 a 34,2022
26,13852.0,Tiene,mujer,35 a 39,2010
26,4426.0,No tiene,mujer,35 a 39,2010
26,5068.0,No tiene,varon,35 a 39,2010
26,13137.0,Tiene,varon,35 a 39,2010
26,6177.0,No tiene,varon,35 a 39,2022
26,17707.0,Tiene,varon,35 a 39,2022
26,6859.0,No tiene,mujer,35 a 39,2022
26,16459.0,Tiene,mujer,35 a 39,2022
26,3876.0,No tiene,varon,40 a 44,2010
26,11113.0,Tiene,varon,40 a 44,2010
26,11229.0,Tiene,mujer,40 a 44,2010
26,3477.0,No tiene,mujer,40 a 44,2010
26,17023.0,Tiene,mujer,40 a 44,2022
26,18382.0,Tiene,varon,40 a 44,2022
26,5483.0,No tiene,varon,40 a 44,2022
26,6095.0,No tiene,mujer,40 a 44,2022
26,3562.0,No tiene,varon,45 a 49,2010
26,2399.0,No tiene,mujer,45 a 49,2010
26,11802.0,Tiene,mujer,45 a 49,2010
26,10833.0,Tiene,varon,45 a 49,2010
26,4934.0,No tiene,mujer,45 a 49,2022
26,4323.0,No tiene,varon,45 a 49,2022
26,14389.0,Tiene,mujer,45 a 49,2022
26,15725.0,Tiene,varon,45 a 49,2022
26,5726.0,No tiene,mujer,5 a 9,2010
26,16049.0,Tiene,mujer,5 a 9,2010
26,5970.0,No tiene,varon,5 a 9,2010
26,16294.0,Tiene,varon,5 a 9,2010
26,16603.0,Tiene,varon,5 a 9,2022
26,6813.0,No tiene,varon,5 a 9,2022
26,7000.0,No tiene,mujer,5 a 9,2022
26,17166.0,Tiene,mujer,5 a 9,2022
26,9177.0,Tiene,varon,50 a 54,2010
26,2928.0,No tiene,mujer,50 a 54,2010
26,3692.0,No tiene,varon,50 a 54,2010
26,9709.0,Tiene,mujer,50 a 54,2010
26,3950.0,No tiene,mujer,50 a 54,2022
26,12562.0,Tiene,varon,50 a 54,2022
26,11140.0,Tiene,mujer,50 a 54,2022
26,2821.0,No tiene,varon,50 a 54,2022
26,7711.0,Tiene,varon,55 a 59,2010
26,8614.0,Tiene,mujer,55 a 59,2010
26,3165.0,No tiene,varon,55 a 59,2010
26,2441.0,No tiene,mujer,55 a 59,2010
26,3039.0,No tiene,varon,55 a 59,2022
26,3476.0,No tiene,mujer,55 a 59,2022
26,11403.0,Tiene,varon,55 a 59,2022
26,10172.0,Tiene,mujer,55 a 59,2022
26,1356.0,No tiene,mujer,60 a 64,2010
26,2344.0,No tiene,varon,60 a 64,2010
26,6631.0,Tiene,varon,60 a 64,2010
26,7405.0,Tiene,mujer,60 a 64,2010
26,2552.0,No tiene,mujer,60 a 64,2022
26,11284.0,Tiene,varon,60 a 64,2022
26,9034.0,Tiene,mujer,60 a 64,2022
26,1342.0,No tiene,varon,60 a 64,2022
26,423.0,No tiene,mujer,65 a 69,2010
26,5254.0,Tiene,varon,65 a 69,2010
26,1005.0,No tiene,varon,65 a 69,2010
26,6271.0,Tiene,mujer,65 a 69,2010
26,785.0,No tiene,mujer,65 a 69,2022
26,10345.0,Tiene,varon,65 a 69,2022
26,8801.0,Tiene,mujer,65 a 69,2022
26,413.0,No tiene,varon,65 a 69,2022
26,430.0,No tiene,varon,70 a 74,2010
26,4038.0,Tiene,varon,70 a 74,2010
26,4751.0,Tiene,mujer,70 a 74,2010
26,325.0,No tiene,mujer,70 a 74,2010
26,241.0,No tiene,mujer,70 a 74,2022
26,219.0,No tiene,varon,70 a 74,2022
26,6988.0,Tiene,mujer,70 a 74,2022
26,8098.0,Tiene,varon,70 a 74,2022
26,3673.0,Tiene,mujer,75 a 79,2010
26,141.0,No tiene,varon,75 a 79,2010
26,273.0,No tiene,mujer,75 a 79,2010
26,2754.0,Tiene,varon,75 a 79,2010
26,125.0,No tiene,mujer,75 a 79,2022
26,159.0,No tiene,varon,75 a 79,2022
26,4386.0,Tiene,mujer,75 a 79,2022
26,5813.0,Tiene,varon,75 a 79,2022
26,1544.0,Tiene,varon,80 a 84,2010
26,161.0,No tiene,mujer,80 a 84,2010
26,94.0,No tiene,varon,80 a 84,2010
26,2717.0,Tiene,mujer,80 a 84,2010
26,3860.0,Tiene,varon,80 a 84,2022
26,99.0,No tiene,varon,80 a 84,2022
26,2183.0,Tiene,mujer,80 a 84,2022
26,93.0,No tiene,mujer,80 a 84,2022
26,122.0,No tiene,mujer,85 a 89,2010
26,1458.0,Tiene,mujer,85 a 89,2010
26,701.0,Tiene,varon,85 a 89,2010
26,100.0,No tiene,varon,85 a 89,2010
26,63.0,No tiene,mujer,85 a 89,2022
26,2238.0,Tiene,varon,85 a 89,2022
26,44.0,No tiene,varon,85 a 89,2022
26,1207.0,Tiene,mujer,85 a 89,2022
26,263.0,Tiene,varon,90 a 94,2010
26,423.0,Tiene,mujer,90 a 94,2010
26,73.0,No tiene,mujer,90 a 94,2010
26,13.0,No tiene,varon,90 a 94,2010
26,401.0,Tiene,mujer,90 a 94,2022
26,972.0,Tiene,varon,90 a 94,2022
26,48.0,No tiene,varon,90 a 94,2022
26,39.0,No tiene,mujer,90 a 94,2022
26,33.0,No tiene,mujer,95 a 99,2010
26,100.0,Tiene,mujer,95 a 99,2010
26,11.0,No tiene,varon,95 a 99,2010
26,48.0,Tiene,varon,95 a 99,2010
26,82.0,Tiene,mujer,95 a 99,2022
26,35.0,No tiene,mujer,95 a 99,2022
26,316.0,Tiene,varon,95 a 99,2022
26,41.0,No tiene,varon,95 a 99,2022
30,22453.0,No tiene,varon,0 a 4,2010
30,27665.0,Tiene,mujer,0 a 4,2010
30,28918.0,Tiene,varon,0 a 4,2010
30,20931.0,No tiene,mujer,0 a 4,2010
30,20512.0,No tiene,varon,0 a 4,2022
30,24879.0,Tiene,mujer,0 a 4,2022
30,21048.0,No tiene,mujer,0 a 4,2022
30,23908.0,Tiene,varon,0 a 4,2022
30,25898.0,No tiene,varon,10 a 14,2010
30,32940.0,Tiene,varon,10 a 14,2010
30,32917.0,Tiene,mujer,10 a 14,2010
30,24816.0,No tiene,mujer,10 a 14,2010
30,21960.0,No tiene,varon,10 a 14,2022
30,22805.0,No tiene,mujer,10 a 14,2022
30,33707.0,Tiene,mujer,10 a 14,2022
30,32155.0,Tiene,varon,10 a 14,2022
30,75.0,Tiene,mujer,100 y más,2010
30,9.0,Tiene,varon,100 y más,2010
30,9.0,No tiene,mujer,100 y más,2010
30,1.0,No tiene,varon,100 y más,2010
30,129.0,Tiene,varon,100 y más,2022
30,27.0,Tiene,mujer,100 y más,2022
30,5.0,No tiene,varon,100 y más,2022
30,1.0,No tiene,mujer,100 y más,2022
30,24413.0,No tiene,mujer,15 a 19,2010
30,25301.0,No tiene,varon,15 a 19,2010
30,31657.0,Tiene,varon,15 a 19,2010
30,30653.0,Tiene,mujer,15 a 19,2010
30,22966.0,No tiene,varon,15 a 19,2022
30,23515.0,No tiene,mujer,15 a 19,2022
30,32038.0,Tiene,mujer,15 a 19,2022
30,31878.0,Tiene,varon,15 a 19,2022
30,24207.0,No tiene,varon,20 a 24,2010
30,24172.0,No tiene,mujer,20 a 24,2010
30,24627.0,Tiene,mujer,20 a 24,2010
30,24350.0,Tiene,varon,20 a 24,2010
30,23525.0,Tiene,mujer,20 a 24,2022
30,31442.0,No tiene,varon,20 a 24,2022
30,30563.0,No tiene,mujer,20 a 24,2022
30,23818.0,Tiene,varon,20 a 24,2022
30,19793.0,No tiene,mujer,25 a 29,2010
30,25253.0,Tiene,varon,25 a 29,2010
30,26394.0,Tiene,mujer,25 a 29,2010
30,21512.0,No tiene,varon,25 a 29,2010
30,24617.0,Tiene,varon,25 a 29,2022
30,29771.0,No tiene,mujer,25 a 29,2022
30,24025.0,Tiene,mujer,25 a 29,2022
30,30297.0,No tiene,varon,25 a 29,2022
30,27404.0,Tiene,varon,30 a 34,2010
30,29201.0,Tiene,mujer,30 a 34,2010
30,17857.0,No tiene,varon,30 a 34,2010
30,16511.0,No tiene,mujer,30 a 34,2010
30,29193.0,Tiene,mujer,30 a 34,2022
30,32167.0,Tiene,varon,30 a 34,2022
30,22572.0,No tiene,mujer,30 a 34,2022
30,22168.0,No tiene,varon,30 a 34,2022
30,14884.0,No tiene,varon,35 a 39,2010
30,13501.0,No tiene,mujer,35 a 39,2010
30,26815.0,Tiene,mujer,35 a 39,2010
30,25110.0,Tiene,varon,35 a 39,2010
30,18599.0,No tiene,mujer,35 a 39,2022
30,17853.0,No tiene,varon,35 a 39,2022
30,33615.0,Tiene,varon,35 a 39,2022
30,30555.0,Tiene,mujer,35 a 39,2022
30,22063.0,Tiene,varon,40 a 44,2010
30,11906.0,No tiene,varon,40 a 44,2010
30,24478.0,Tiene,mujer,40 a 44,2010
30,11071.0,No tiene,mujer,40 a 44,2010
30,17055.0,No tiene,mujer,40 a 44,2022
30,35631.0,Tiene,varon,40 a 44,2022
30,16320.0,No tiene,varon,40 a 44,2022
30,31990.0,Tiene,mujer,40 a 44,2022
30,10231.0,No tiene,mujer,45 a 49,2010
30,22321.0,Tiene,varon,45 a 49,2010
30,25009.0,Tiene,mujer,45 a 49,2010
30,11974.0,No tiene,varon,45 a 49,2010
30,27981.0,Tiene,mujer,45 a 49,2022
30,31079.0,Tiene,varon,45 a 49,2022
30,14452.0,No tiene,mujer,45 a 49,2022
30,12977.0,No tiene,varon,45 a 49,2022
30,31248.0,Tiene,varon,5 a 9,2010
30,30384.0,Tiene,mujer,5 a 9,2010
30,23895.0,No tiene,mujer,5 a 9,2010
30,23260.0,No tiene,varon,5 a 9,2010
30,31723.0,Tiene,varon,5 a 9,2022
30,24047.0,No tiene,varon,5 a 9,2022
30,24707.0,No tiene,mujer,5 a 9,2022
30,33254.0,Tiene,mujer,5 a 9,2022
30,10267.0,No tiene,varon,50 a 54,2010
30,23190.0,Tiene,mujer,50 a 54,2010
30,20201.0,Tiene,varon,50 a 54,2010
30,9052.0,No tiene,mujer,50 a 54,2010
30,24462.0,Tiene,mujer,50 a 54,2022
30,10405.0,No tiene,varon,50 a 54,2022
30,11862.0,No tiene,mujer,50 a 54,2022
30,28296.0,Tiene,varon,50 a 54,2022
30,18661.0,Tiene,varon,55 a 59,2010
30,9201.0,No tiene,varon,55 a 59,2010
30,7773.0,No tiene,mujer,55 a 59,2010
30,21677.0,Tiene,mujer,55 a 59,2010
30,8696.0,No tiene,varon,55 a 59,2022
30,27724.0,Tiene,varon,55 a 59,2022
30,10251.0,No tiene,mujer,55 a 59,2022
30,23733.0,Tiene,mujer,55 a 59,2022
30,3344.0,No tiene,mujer,60 a 64,2010
30,7418.0,No tiene,varon,60 a 64,2010
30,23305.0,Tiene,mujer,60 a 64,2010
30,16723.0,Tiene,varon,60 a 64,2010
30,7699.0,No tiene,mujer,60 a 64,2022
30,28972.0,Tiene,varon,60 a 64,2022
30,4070.0,No tiene,varon,60 a 64,2022
30,21564.0,Tiene,mujer,60 a 64,2022
30,1993.0,No tiene,varon,65 a 69,2010
30,17126.0,Tiene,varon,65 a 69,2010
30,20772.0,Tiene,mujer,65 a 69,2010
30,713.0,No tiene,mujer,65 a 69,2010
30,23025.0,Tiene,mujer,65 a 69,2022
30,28641.0,Tiene,varon,65 a 69,2022
30,1067.0,No tiene,varon,65 a 69,2022
30,2325.0,No tiene,mujer,65 a 69,2022
30,18367.0,Tiene,mujer,70 a 74,2010
30,13545.0,Tiene,varon,70 a 74,2010
30,668.0,No tiene,mujer,70 a 74,2010
30,552.0,No tiene,varon,70 a 74,2010
30,491.0,No tiene,varon,70 a 74,2022
30,24516.0,Tiene,varon,70 a 74,2022
30,581.0,No tiene,mujer,70 a 74,2022
30,19496.0,Tiene,mujer,70 a 74,2022
30,9287.0,Tiene,varon,75 a 79,2010
30,503.0,No tiene,mujer,75 a 79,2010
30,290.0,No tiene,varon,75 a 79,2010
30,14372.0,Tiene,mujer,75 a 79,2010
30,220.0,No tiene,varon,75 a 79,2022
30,249.0,No tiene,mujer,75 a 79,2022
30,18415.0,Tiene,varon,75 a 79,2022
30,12755.0,Tiene,mujer,75 a 79,2022
30,10813.0,Tiene,mujer,80 a 84,2010
30,236.0,No tiene,varon,80 a 84,2010
30,371.0,No tiene,mujer,80 a 84,2010
30,5193.0,Tiene,varon,80 a 84,2010
30,162.0,No tiene,varon,80 a 84,2022
30,7187.0,Tiene,mujer,80 a 84,2022
30,12864.0,Tiene,varon,80 a 84,2022
30,104.0,No tiene,mujer,80 a 84,2022
30,62.0,No tiene,varon,85 a 89,2010
30,5542.0,Tiene,mujer,85 a 89,2010
30,2031.0,Tiene,varon,85 a 89,2010
30,203.0,No tiene,mujer,85 a 89,2010
30,108.0,No tiene,varon,85 a 89,2022
30,3275.0,Tiene,mujer,85 a 89,2022
30,7364.0,Tiene,varon,85 a 89,2022
30,83.0,No tiene,mujer,85 a 89,2022
30,35.0,No tiene,varon,90 a 94,2010
30,590.0,Tiene,varon,90 a 94,2010
30,59.0,No tiene,mujer,90 a 94,2010
30,2274.0,Tiene,mujer,90 a 94,2010
30,82.0,No tiene,varon,90 a 94,2022
30,1020.0,Tiene,mujer,90 a 94,2022
30,3259.0,Tiene,varon,90 a 94,2022
30,59.0,No tiene,mujer,90 a 94,2022
30,114.0,Tiene,varon,95 a 99,2010
30,546.0,Tiene,mujer,95 a 99,2010
30,14.0,No tiene,varon,95 a 99,2010
30,12.0,No tiene,mujer,95 a 99,2010
30,226.0,Tiene,mujer,95 a 99,2022
30,24.0,No tiene,varon,95 a 99,2022
30,787.0,Tiene,varon,95 a 99,2022
30,33.0,No tiene,mujer,95 a 99,2022
34,7944.0,Tiene,varon,0 a 4,2010
34,7172.0,Tiene,mujer,0 a 4,2010
34,16813.0,No tiene,mujer,0 a 4,2010
34,17502.0,No tiene,varon,0 a 4,2010
34,6901.0,Tiene,varon,0 a 4,2022
34,14971.0,No tiene,varon,0 a 4,2022
34,6923.0,Tiene,mujer,0 a 4,2022
34,15532.0,No tiene,mujer,0 a 4,2022
34,10375.0,Tiene,mujer,10 a 14,2010
34,20231.0,No tiene,varon,10 a 14,2010
34,11210.0,Tiene,varon,10 a 14,2010
34,20102.0,No tiene,mujer,10 a 14,2010
34,17171.0,No tiene,varon,10 a 14,2022
34,9665.0,Tiene,mujer,10 a 14,2022
34,7501.0,Tiene,varon,10 a 14,2022
34,17572.0,No tiene,mujer,10 a 14,2022
34,3.0,No tiene,mujer,100 y más,2010
34,4.0,Tiene,varon,100 y más,2010
34,1.0,No tiene,varon,100 y más,2010
34,5.0,Tiene,mujer,100 y más,2010
34,3.0,No tiene,mujer,100 y más,2022
34,1.0,No tiene,varon,100 y más,2022
34,7.0,Tiene,mujer,100 y más,2022
34,20.0,Tiene,varon,100 y más,2022
34,18308.0,No tiene,mujer,15 a 19,2010
34,10984.0,Tiene,varon,15 a 19,2010
34,11444.0,Tiene,mujer,15 a 19,2010
34,18888.0,No tiene,varon,15 a 19,2010
34,17386.0,No tiene,mujer,15 a 19,2022
34,9148.0,Tiene,mujer,15 a 19,2022
34,16821.0,No tiene,varon,15 a 19,2022
34,8814.0,Tiene,varon,15 a 19,2022
34,6161.0,Tiene,mujer,20 a 24,2010
34,15048.0,No tiene,varon,20 a 24,2010
34,14851.0,No tiene,mujer,20 a 24,2010
34,5679.0,Tiene,varon,20 a 24,2010
34,20192.0,No tiene,varon,20 a 24,2022
34,4631.0,Tiene,mujer,20 a 24,2022
34,5620.0,Tiene,varon,20 a 24,2022
34,18602.0,No tiene,mujer,20 a 24,2022
34,12894.0,No tiene,mujer,25 a 29,2010
34,6367.0,Tiene,mujer,25 a 29,2010
34,5914.0,Tiene,varon,25 a 29,2010
34,11878.0,No tiene,varon,25 a 29,2010
34,7203.0,Tiene,mujer,25 a 29,2022
34,17594.0,No tiene,mujer,25 a 29,2022
34,19164.0,No tiene,varon,25 a 29,2022
34,7507.0,Tiene,varon,25 a 29,2022
34,7945.0,Tiene,mujer,30 a 34,2010
34,10951.0,No tiene,varon,30 a 34,2010
34,5593.0,Tiene,varon,30 a 34,2010
34,11325.0,No tiene,mujer,30 a 34,2010
34,8662.0,Tiene,mujer,30 a 34,2022
34,13319.0,No tiene,mujer,30 a 34,2022
34,9221.0,Tiene,varon,30 a 34,2022
34,14511.0,No tiene,varon,30 a 34,2022
34,8775.0,No tiene,varon,35 a 39,2010
34,7620.0,Tiene,mujer,35 a 39,2010
34,6020.0,Tiene,varon,35 a 39,2010
34,8995.0,No tiene,mujer,35 a 39,2010
34,8215.0,Tiene,mujer,35 a 39,2022
34,11680.0,No tiene,varon,35 a 39,2022
34,11186.0,No tiene,mujer,35 a 39,2022
34,9276.0,Tiene,varon,35 a 39,2022
34,7100.0,No tiene,varon,40 a 44,2010
34,6823.0,No tiene,mujer,40 a 44,2010
34,7886.0,Tiene,mujer,40 a 44,2010
34,6615.0,Tiene,varon,40 a 44,2010
34,10481.0,No tiene,varon,40 a 44,2022
34,10328.0,Tiene,varon,40 a 44,2022
34,10667.0,No tiene,mujer,40 a 44,2022
34,8778.0,Tiene,mujer,40 a 44,2022
34,6713.0,No tiene,varon,45 a 49,2010
34,7861.0,Tiene,mujer,45 a 49,2010
34,7001.0,Tiene,varon,45 a 49,2010
34,4618.0,No tiene,mujer,45 a 49,2010
34,7549.0,Tiene,mujer,45 a 49,2022
34,8300.0,No tiene,varon,45 a 49,2022
34,9291.0,Tiene,varon,45 a 49,2022
34,8718.0,No tiene,mujer,45 a 49,2022
34,9156.0,Tiene,mujer,5 a 9,2010
34,9285.0,Tiene,varon,5 a 9,2010
34,18942.0,No tiene,varon,5 a 9,2010
34,18331.0,No tiene,mujer,5 a 9,2010
34,9476.0,Tiene,mujer,5 a 9,2022
34,18093.0,No tiene,mujer,5 a 9,2022
34,17757.0,No tiene,varon,5 a 9,2022
34,9310.0,Tiene,varon,5 a 9,2022
34,5262.0,No tiene,mujer,50 a 54,2010
34,6843.0,Tiene,varon,50 a 54,2010
34,7729.0,Tiene,mujer,50 a 54,2010
34,5765.0,No tiene,varon,50 a 54,2010
34,7017.0,No tiene,mujer,50 a 54,2022
34,5963.0,Tiene,mujer,50 a 54,2022
34,6157.0,No tiene,varon,50 a 54,2022
34,9075.0,Tiene,varon,50 a 54,2022
34,6412.0,Tiene,mujer,55 a 59,2010
34,4897.0,No tiene,varon,55 a 59,2010
34,4102.0,No tiene,mujer,55 a 59,2010
34,5767.0,Tiene,varon,55 a 59,2010
34,7590.0,Tiene,mujer,55 a 59,2022
34,9363.0,Tiene,varon,55 a 59,2022
34,6036.0,No tiene,mujer,55 a 59,2022
34,5101.0,No tiene,varon,55 a 59,2022
34,2383.0,No tiene,mujer,60 a 64,2010
34,5679.0,Tiene,mujer,60 a 64,2010
34,4471.0,Tiene,varon,60 a 64,2010
34,3647.0,No tiene,varon,60 a 64,2010
34,6873.0,Tiene,mujer,60 a 64,2022
34,4557.0,No tiene,mujer,60 a 64,2022
34,3122.0,No tiene,varon,60 a 64,2022
34,9528.0,Tiene,varon,60 a 64,2022
34,5703.0,Tiene,mujer,65 a 69,2010
34,916.0,No tiene,mujer,65 a 69,2010
34,3863.0,Tiene,varon,65 a 69,2010
34,1474.0,No tiene,varon,65 a 69,2010
34,7398.0,Tiene,mujer,65 a 69,2022
34,1222.0,No tiene,varon,65 a 69,2022
34,9440.0,Tiene,varon,65 a 69,2022
34,2403.0,No tiene,mujer,65 a 69,2022
34,772.0,No tiene,varon,70 a 74,2010
34,484.0,No tiene,mujer,70 a 74,2010
34,4179.0,Tiene,varon,70 a 74,2010
34,4592.0,Tiene,mujer,70 a 74,2010
34,722.0,No tiene,varon,70 a 74,2022
34,6306.0,Tiene,mujer,70 a 74,2022
34,7303.0,Tiene,varon,70 a 74,2022
34,751.0,No tiene,mujer,70 a 74,2022
34,3437.0,Tiene,mujer,75 a 79,2010
34,2845.0,Tiene,varon,75 a 79,2010
34,448.0,No tiene,mujer,75 a 79,2010
34,457.0,No tiene,varon,75 a 79,2010
34,5017.0,Tiene,varon,75 a 79,2022
34,4042.0,Tiene,mujer,75 a 79,2022
34,384.0,No tiene,varon,75 a 79,2022
34,387.0,No tiene,mujer,75 a 79,2022
34,1753.0,Tiene,mujer,80 a 84,2010
34,217.0,No tiene,mujer,80 a 84,2010
34,1339.0,Tiene,varon,80 a 84,2010
34,269.0,No tiene,varon,80 a 84,2010
34,2234.0,Tiene,mujer,80 a 84,2022
34,208.0,No tiene,varon,80 a 84,2022
34,131.0,No tiene,mujer,80 a 84,2022
34,3226.0,Tiene,varon,80 a 84,2022
34,913.0,Tiene,mujer,85 a 89,2010
34,566.0,Tiene,varon,85 a 89,2010
34,125.0,No tiene,varon,85 a 89,2010
34,178.0,No tiene,mujer,85 a 89,2010
34,1814.0,Tiene,varon,85 a 89,2022
34,1082.0,Tiene,mujer,85 a 89,2022
34,85.0,No tiene,mujer,85 a 89,2022
34,132.0,No tiene,varon,85 a 89,2022
34,84.0,No tiene,varon,90 a 94,2010
34,231.0,Tiene,varon,90 a 94,2010
34,350.0,Tiene,mujer,90 a 94,2010
34,78.0,No tiene,mujer,90 a 94,2010
34,779.0,Tiene,varon,90 a 94,2022
34,71.0,No tiene,varon,90 a 94,2022
34,47.0,No tiene,mujer,90 a 94,2022
34,376.0,Tiene,mujer,90 a 94,2022
34,86.0,Tiene,mujer,95 a 99,2010
34,14.0,No tiene,varon,95 a 99,2010
34,34.0,Tiene,varon,95 a 99,2010
34,7.0,No tiene,mujer,95 a 99,2010
34,18.0,No tiene,varon,95 a 99,2022
34,114.0,Tiene,mujer,95 a 99,2022
34,20.0,No tiene,mujer,95 a 99,2022
34,185.0,Tiene,varon,95 a 99,2022
38,14896.0,Tiene,varon,0 a 4,2010
38,15484.0,No tiene,varon,0 a 4,2010
38,15179.0,No tiene,mujer,0 a 4,2010
38,14707.0,Tiene,mujer,0 a 4,2010
38,10897.0,Tiene,varon,0 a 4,2022
38,14396.0,No tiene,varon,0 a 4,2022
38,14596.0,No tiene,mujer,0 a 4,2022
38,11573.0,Tiene,mujer,0 a 4,2022
38,16553.0,No tiene,mujer,10 a 14,2010
38,16960.0,No tiene,varon,10 a 14,2010
38,18705.0,Tiene,mujer,10 a 14,2010
38,18870.0,Tiene,varon,10 a 14,2010
38,15955.0,No tiene,mujer,10 a 14,2022
38,15829.0,No tiene,varon,10 a 14,2022
38,19114.0,Tiene,mujer,10 a 14,2022
38,18590.0,Tiene,varon,10 a 14,2022
38,26.0,Tiene,mujer,100 y más,2010
38,1.0,Tiene,varon,100 y más,2010
38,3.0,No tiene,mujer,100 y más,2010
38,6.0,No tiene,varon,100 y más,2010
38,11.0,Tiene,mujer,100 y más,2022
38,27.0,Tiene,varon,100 y más,2022
38,3.0,No tiene,varon,100 y más,2022
38,3.0,No tiene,mujer,100 y más,2022
38,19011.0,Tiene,mujer,15 a 19,2010
38,16706.0,No tiene,varon,15 a 19,2010
38,15896.0,No tiene,mujer,15 a 19,2010
38,19383.0,Tiene,varon,15 a 19,2010
38,16186.0,No tiene,mujer,15 a 19,2022
38,15620.0,No tiene,varon,15 a 19,2022
38,16917.0,Tiene,mujer,15 a 19,2022
38,17037.0,Tiene,varon,15 a 19,2022
38,17746.0,No tiene,mujer,20 a 24,2010
38,17172.0,No tiene,varon,20 a 24,2010
38,9586.0,Tiene,mujer,20 a 24,2010
38,9863.0,Tiene,varon,20 a 24,2010
38,22524.0,No tiene,mujer,20 a 24,2022
38,10353.0,Tiene,varon,20 a 24,2022
38,22443.0,No tiene,varon,20 a 24,2022
38,10211.0,Tiene,mujer,20 a 24,2022
38,11082.0,Tiene,varon,25 a 29,2010
38,17385.0,No tiene,mujer,25 a 29,2010
38,10350.0,Tiene,mujer,25 a 29,2010
38,15268.0,No tiene,varon,25 a 29,2010
38,10798.0,Tiene,varon,25 a 29,2022
38,21893.0,No tiene,mujer,25 a 29,2022
38,23805.0,No tiene,varon,25 a 29,2022
38,10841.0,Tiene,mujer,25 a 29,2022
38,14776.0,No tiene,mujer,30 a 34,2010
38,12404.0,Tiene,mujer,30 a 34,2010
38,12650.0,Tiene,varon,30 a 34,2010
38,13911.0,No tiene,varon,30 a 34,2010
38,13330.0,Tiene,varon,30 a 34,2022
38,12900.0,Tiene,mujer,30 a 34,2022
38,16221.0,No tiene,mujer,30 a 34,2022
38,18161.0,No tiene,varon,30 a 34,2022
38,10222.0,No tiene,varon,35 a 39,2010
38,11712.0,Tiene,varon,35 a 39,2010
38,12408.0,Tiene,mujer,35 a 39,2010
38,10563.0,No tiene,mujer,35 a 39,2010
38,14889.0,Tiene,mujer,35 a 39,2022
38,15465.0,Tiene,varon,35 a 39,2022
38,15024.0,No tiene,varon,35 a 39,2022
38,13801.0,No tiene,mujer,35 a 39,2022
38,7760.0,No tiene,mujer,40 a 44,2010
38,7431.0,No tiene,varon,40 a 44,2010
38,11190.0,Tiene,mujer,40 a 44,2010
38,10101.0,Tiene,varon,40 a 44,2010
38,13946.0,No tiene,varon,40 a 44,2022
38,16155.0,Tiene,mujer,40 a 44,2022
38,13209.0,No tiene,mujer,40 a 44,2022
38,17642.0,Tiene,varon,40 a 44,2022
38,10052.0,Tiene,varon,45 a 49,2010
38,6401.0,No tiene,varon,45 a 49,2010
38,10956.0,Tiene,mujer,45 a 49,2010
38,6146.0,No tiene,mujer,45 a 49,2010
38,15833.0,Tiene,varon,45 a 49,2022
38,10822.0,No tiene,varon,45 a 49,2022
38,10735.0,No tiene,mujer,45 a 49,2022
38,13760.0,Tiene,mujer,45 a 49,2022
38,15106.0,No tiene,mujer,5 a 9,2010
38,15638.0,No tiene,varon,5 a 9,2010
38,16470.0,Tiene,mujer,5 a 9,2010
38,17173.0,Tiene,varon,5 a 9,2010
38,17039.0,No tiene,mujer,5 a 9,2022
38,17048.0,Tiene,varon,5 a 9,2022
38,16906.0,No tiene,varon,5 a 9,2022
38,17365.0,Tiene,mujer,5 a 9,2022
38,10844.0,Tiene,mujer,50 a 54,2010
38,8438.0,Tiene,varon,50 a 54,2010
38,5526.0,No tiene,mujer,50 a 54,2010
38,5544.0,No tiene,varon,50 a 54,2010
38,11241.0,Tiene,mujer,50 a 54,2022
38,8032.0,No tiene,varon,50 a 54,2022
38,13564.0,Tiene,varon,50 a 54,2022
38,8306.0,No tiene,mujer,50 a 54,2022
38,4571.0,No tiene,mujer,55 a 59,2010
38,9690.0,Tiene,mujer,55 a 59,2010
38,4836.0,No tiene,varon,55 a 59,2010
38,7082.0,Tiene,varon,55 a 59,2010
38,6248.0,No tiene,mujer,55 a 59,2022
38,10188.0,Tiene,mujer,55 a 59,2022
38,12744.0,Tiene,varon,55 a 59,2022
38,6492.0,No tiene,varon,55 a 59,2022
38,3933.0,No tiene,varon,60 a 64,2010
38,9110.0,Tiene,mujer,60 a 64,2010
38,6773.0,Tiene,varon,60 a 64,2010
38,2599.0,No tiene,mujer,60 a 64,2010
38,13127.0,Tiene,varon,60 a 64,2022
38,3956.0,No tiene,varon,60 a 64,2022
38,9430.0,Tiene,mujer,60 a 64,2022
38,5076.0,No tiene,mujer,60 a 64,2022
38,6609.0,Tiene,varon,65 a 69,2010
38,937.0,No tiene,mujer,65 a 69,2010
38,1278.0,No tiene,varon,65 a 69,2010
38,8080.0,Tiene,mujer,65 a 69,2010
38,2297.0,No tiene,mujer,65 a 69,2022
38,1514.0,No tiene,varon,65 a 69,2022
38,13532.0,Tiene,varon,65 a 69,2022
38,10436.0,Tiene,mujer,65 a 69,2022
38,5158.0,Tiene,varon,70 a 74,2010
38,581.0,No tiene,varon,70 a 74,2010
38,6450.0,Tiene,mujer,70 a 74,2010
38,745.0,No tiene,mujer,70 a 74,2010
38,10985.0,Tiene,varon,70 a 74,2022
38,738.0,No tiene,varon,70 a 74,2022
38,617.0,No tiene,mujer,70 a 74,2022
38,8811.0,Tiene,mujer,70 a 74,2022
38,378.0,No tiene,varon,75 a 79,2010
38,3555.0,Tiene,varon,75 a 79,2010
38,603.0,No tiene,mujer,75 a 79,2010
38,4569.0,Tiene,mujer,75 a 79,2010
38,477.0,No tiene,varon,75 a 79,2022
38,305.0,No tiene,mujer,75 a 79,2022
38,6029.0,Tiene,mujer,75 a 79,2022
38,7854.0,Tiene,varon,75 a 79,2022
38,2142.0,Tiene,varon,80 a 84,2010
38,442.0,No tiene,mujer,80 a 84,2010
38,2609.0,Tiene,mujer,80 a 84,2010
38,142.0,No tiene,varon,80 a 84,2010
38,221.0,No tiene,varon,80 a 84,2022
38,3587.0,Tiene,mujer,80 a 84,2022
38,181.0,No tiene,mujer,80 a 84,2022
38,5219.0,Tiene,varon,80 a 84,2022
38,916.0,Tiene,varon,85 a 89,2010
38,89.0,No tiene,varon,85 a 89,2010
38,197.0,No tiene,mujer,85 a 89,2010
38,1369.0,Tiene,mujer,85 a 89,2010
38,169.0,No tiene,varon,85 a 89,2022
38,2828.0,Tiene,varon,85 a 89,2022
38,1549.0,Tiene,mujer,85 a 89,2022
38,106.0,No tiene,mujer,85 a 89,2022
38,50.0,No tiene,mujer,90 a 94,2010
38,17.0,No tiene,varon,90 a 94,2010
38,137.0,Tiene,varon,90 a 94,2010
38,467.0,Tiene,mujer,90 a 94,2010
38,63.0,No tiene,mujer,90 a 94,2022
38,1159.0,Tiene,varon,90 a 94,2022
38,572.0,Tiene,mujer,90 a 94,2022
38,95.0,No tiene,varon,90 a 94,2022
38,10.0,No tiene,varon,95 a 99,2010
38,36.0,Tiene,varon,95 a 99,2010
38,98.0,Tiene,mujer,95 a 99,2010
38,15.0,No tiene,mujer,95 a 99,2010
38,65.0,No tiene,varon,95 a 99,2022
38,139.0,Tiene,mujer,95 a 99,2022
38,34.0,No tiene,mujer,95 a 99,2022
38,287.0,Tiene,varon,95 a 99,2022
42,7734.0,Tiene,varon,0 a 4,2010
42,5180.0,No tiene,mujer,0 a 4,2010
42,5204.0,No tiene,varon,0 a 4,2010
42,7408.0,Tiene,mujer,0 a 4,2010
42,4415.0,No tiene,varon,0 a 4,2022
42,4457.0,No tiene,mujer,0 a 4,2022
42,5994.0,Tiene,varon,0 a 4,2022
42,6393.0,Tiene,mujer,0 a 4,2022
42,8574.0,Tiene,varon,10 a 14,2010
42,5638.0,No tiene,varon,10 a 14,2010
42,5041.0,No tiene,mujer,10 a 14,2010
42,8191.0,Tiene,mujer,10 a 14,2010
42,5369.0,No tiene,mujer,10 a 14,2022
42,5522.0,No tiene,varon,10 a 14,2022
42,8453.0,Tiene,varon,10 a 14,2022
42,8705.0,Tiene,mujer,10 a 14,2022
42,1.0,No tiene,mujer,100 y más,2010
42,1.0,Tiene,varon,100 y más,2010
42,1.0,No tiene,varon,100 y más,2010
42,11.0,Tiene,mujer,100 y más,2010
42,11.0,Tiene,varon,100 y más,2022
42,,No tiene,varon,100 y más,2022
42,1.0,No tiene,mujer,100 y más,2022
42,4.0,Tiene,mujer,100 y más,2022
42,5359.0,No tiene,mujer,15 a 19,2010
42,8421.0,Tiene,varon,15 a 19,2010
42,8410.0,Tiene,mujer,15 a 19,2010
42,5432.0,No tiene,varon,15 a 19,2010
42,5410.0,No tiene,mujer,15 a 19,2022
42,5139.0,No tiene,varon,15 a 19,2022
42,8498.0,Tiene,mujer,15 a 19,2022
42,7982.0,Tiene,varon,15 a 19,2022
42,6404.0,Tiene,mujer,20 a 24,2010
42,5693.0,No tiene,varon,20 a 24,2010
42,5527.0,No tiene,mujer,20 a 24,2010
42,6286.0,Tiene,varon,20 a 24,2010
42,6235.0,No tiene,varon,20 a 24,2022
42,6119.0,Tiene,mujer,20 a 24,2022
42,6144.0,No tiene,mujer,20 a 24,2022
42,5794.0,Tiene,varon,20 a 24,2022
42,4845.0,No tiene,mujer,25 a 29,2010
42,6673.0,Tiene,mujer,25 a 29,2010
42,5162.0,No tiene,varon,25 a 29,2010
42,6751.0,Tiene,varon,25 a 29,2010
42,6925.0,Tiene,mujer,25 a 29,2022
42,6244.0,No tiene,mujer,25 a 29,2022
42,6851.0,Tiene,varon,25 a 29,2022
42,6466.0,No tiene,varon,25 a 29,2022
42,3857.0,No tiene,mujer,30 a 34,2010
42,4267.0,No tiene,varon,30 a 34,2010
42,8021.0,Tiene,mujer,30 a 34,2010
42,7252.0,Tiene,varon,30 a 34,2010
42,8192.0,Tiene,mujer,30 a 34,2022
42,5569.0,No tiene,mujer,30 a 34,2022
42,5391.0,No tiene,varon,30 a 34,2022
42,8445.0,Tiene,varon,30 a 34,2022
42,3109.0,No tiene,mujer,35 a 39,2010
42,6589.0,Tiene,varon,35 a 39,2010
42,7479.0,Tiene,mujer,35 a 39,2010
42,3582.0,No tiene,varon,35 a 39,2010
42,4386.0,No tiene,mujer,35 a 39,2022
42,8392.0,Tiene,mujer,35 a 39,2022
42,4362.0,No tiene,varon,35 a 39,2022
42,9323.0,Tiene,varon,35 a 39,2022
42,6293.0,Tiene,varon,40 a 44,2010
42,6961.0,Tiene,mujer,40 a 44,2010
42,2851.0,No tiene,mujer,40 a 44,2010
42,3012.0,No tiene,varon,40 a 44,2010
42,8766.0,Tiene,mujer,40 a 44,2022
42,9379.0,Tiene,varon,40 a 44,2022
42,3815.0,No tiene,varon,40 a 44,2022
42,4134.0,No tiene,mujer,40 a 44,2022
42,6564.0,Tiene,mujer,45 a 49,2010
42,6380.0,Tiene,varon,45 a 49,2010
42,2485.0,No tiene,mujer,45 a 49,2010
42,3195.0,No tiene,varon,45 a 49,2010
42,7654.0,Tiene,mujer,45 a 49,2022
42,3439.0,No tiene,mujer,45 a 49,2022
42,3030.0,No tiene,varon,45 a 49,2022
42,8558.0,Tiene,varon,45 a 49,2022
42,8067.0,Tiene,varon,5 a 9,2010
42,5005.0,No tiene,varon,5 a 9,2010
42,8003.0,Tiene,mujer,5 a 9,2010
42,4972.0,No tiene,mujer,5 a 9,2010
42,8261.0,Tiene,varon,5 a 9,2022
42,4735.0,No tiene,mujer,5 a 9,2022
42,8643.0,Tiene,mujer,5 a 9,2022
42,5591.0,No tiene,varon,5 a 9,2022
42,5617.0,Tiene,varon,50 a 54,2010
42,2715.0,No tiene,varon,50 a 54,2010
42,6339.0,Tiene,mujer,50 a 54,2010
42,2054.0,No tiene,mujer,50 a 54,2010
42,7721.0,Tiene,varon,50 a 54,2022
42,2863.0,No tiene,mujer,50 a 54,2022
42,2526.0,No tiene,varon,50 a 54,2022
42,6699.0,Tiene,mujer,50 a 54,2022
42,5004.0,Tiene,varon,55 a 59,2010
42,2725.0,No tiene,varon,55 a 59,2010
42,1956.0,No tiene,mujer,55 a 59,2010
42,5562.0,Tiene,mujer,55 a 59,2010
42,7297.0,Tiene,varon,55 a 59,2022
42,6309.0,Tiene,mujer,55 a 59,2022
42,2740.0,No tiene,mujer,55 a 59,2022
42,2129.0,No tiene,varon,55 a 59,2022
42,6367.0,Tiene,mujer,60 a 64,2010
42,4922.0,Tiene,varon,60 a 64,2010
42,2078.0,No tiene,varon,60 a 64,2010
42,608.0,No tiene,mujer,60 a 64,2010
42,7630.0,Tiene,varon,60 a 64,2022
42,5868.0,Tiene,mujer,60 a 64,2022
42,1999.0,No tiene,mujer,60 a 64,2022
42,746.0,No tiene,varon,60 a 64,2022
42,5858.0,Tiene,mujer,65 a 69,2010
42,417.0,No tiene,varon,65 a 69,2010
42,166.0,No tiene,mujer,65 a 69,2010
42,5042.0,Tiene,varon,65 a 69,2010
42,6385.0,Tiene,mujer,65 a 69,2022
42,7407.0,Tiene,varon,65 a 69,2022
42,654.0,No tiene,mujer,65 a 69,2022
42,156.0,No tiene,varon,65 a 69,2022
42,124.0,No tiene,mujer,70 a 74,2010
42,4923.0,Tiene,mujer,70 a 74,2010
42,3969.0,Tiene,varon,70 a 74,2010
42,135.0,No tiene,varon,70 a 74,2010
42,6444.0,Tiene,varon,70 a 74,2022
42,69.0,No tiene,mujer,70 a 74,2022
42,5374.0,Tiene,mujer,70 a 74,2022
42,101.0,No tiene,varon,70 a 74,2022
42,52.0,No tiene,mujer,75 a 79,2010
42,73.0,No tiene,varon,75 a 79,2010
42,3781.0,Tiene,mujer,75 a 79,2010
42,2791.0,Tiene,varon,75 a 79,2010
42,38.0,No tiene,varon,75 a 79,2022
42,38.0,No tiene,mujer,75 a 79,2022
42,5006.0,Tiene,varon,75 a 79,2022
42,3841.0,Tiene,mujer,75 a 79,2022
42,69.0,No tiene,mujer,80 a 84,2010
42,37.0,No tiene,varon,80 a 84,2010
42,2914.0,Tiene,mujer,80 a 84,2010
42,1700.0,Tiene,varon,80 a 84,2010
42,19.0,No tiene,mujer,80 a 84,2022
42,2246.0,Tiene,mujer,80 a 84,2022
42,22.0,No tiene,varon,80 a 84,2022
42,3506.0,Tiene,varon,80 a 84,2022
42,36.0,No tiene,mujer,85 a 89,2010
42,803.0,Tiene,varon,85 a 89,2010
42,29.0,No tiene,varon,85 a 89,2010
42,1686.0,Tiene,mujer,85 a 89,2010
42,1016.0,Tiene,mujer,85 a 89,2022
42,6.0,No tiene,mujer,85 a 89,2022
42,1873.0,Tiene,varon,85 a 89,2022
42,11.0,No tiene,varon,85 a 89,2022
42,218.0,Tiene,varon,90 a 94,2010
42,9.0,No tiene,mujer,90 a 94,2010
42,657.0,Tiene,mujer,90 a 94,2010
42,3.0,No tiene,varon,90 a 94,2010
42,3.0,No tiene,mujer,90 a 94,2022
42,351.0,Tiene,mujer,90 a 94,2022
42,804.0,Tiene,varon,90 a 94,2022
42,9.0,No tiene,varon,90 a 94,2022
42,1.0,No tiene,mujer,95 a 99,2010
42,1.0,No tiene,varon,95 a 99,2010
42,157.0,Tiene,mujer,95 a 99,2010
42,37.0,Tiene,varon,95 a 99,2010
42,1.0,No tiene,varon,95 a 99,2022
42,1.0,No tiene,mujer,95 a 99,2022
42,172.0,Tiene,varon,95 a 99,2022
42,42.0,Tiene,mujer,95 a 99,2022
46,7452.0,Tiene,mujer,0 a 4,2010
46,6723.0,Tiene,varon,0 a 4,2010
46,6868.0,No tiene,mujer,0 a 4,2010
46,7111.0,No tiene,varon,0 a 4,2010
46,5300.0,Tiene,varon,0 a 4,2022
46,6497.0,No tiene,mujer,0 a 4,2022
46,5392.0,Tiene,mujer,0 a 4,2022
46,6390.0,No tiene,varon,0 a 4,2022
46,10181.0,Tiene,varon,10 a 14,2010
46,6694.0,No tiene,mujer,10 a 14,2010
46,9431.0,Tiene,mujer,10 a 14,2010
46,6792.0,No tiene,varon,10 a 14,2010
46,6904.0,Tiene,varon,10 a 14,2022
46,8773.0,Tiene,mujer,10 a 14,2022
46,6455.0,No tiene,varon,10 a 14,2022
46,6809.0,No tiene,mujer,10 a 14,2022
46,22.0,Tiene,varon,100 y más,2010
46,48.0,Tiene,mujer,100 y más,2010
46,,No tiene,mujer,100 y más,2010
46,12.0,No tiene,varon,100 y más,2010
46,23.0,Tiene,varon,100 y más,2022
46,3.0,Tiene,mujer,100 y más,2022
46,1.0,No tiene,varon,100 y más,2022
46,3.0,No tiene,mujer,100 y más,2022
46,10803.0,Tiene,varon,15 a 19,2010
46,10896.0,Tiene,mujer,15 a 19,2010
46,6887.0,No tiene,mujer,15 a 19,2010
46,6983.0,No tiene,varon,15 a 19,2010
46,9325.0,Tiene,varon,15 a 19,2022
46,8801.0,Tiene,mujer,15 a 19,2022
46,7083.0,No tiene,mujer,15 a 19,2022
46,7038.0,No tiene,varon,15 a 19,2022
46,8059.0,No tiene,varon,20 a 24,2010
46,7695.0,No tiene,mujer,20 a 24,2010
46,7126.0,Tiene,mujer,20 a 24,2010
46,6439.0,Tiene,varon,20 a 24,2010
46,6473.0,Tiene,mujer,20 a 24,2022
46,6853.0,Tiene,varon,20 a 24,2022
46,9891.0,No tiene,mujer,20 a 24,2022
46,10280.0,No tiene,varon,20 a 24,2022
46,6958.0,No tiene,mujer,25 a 29,2010
46,7038.0,No tiene,varon,25 a 29,2010
46,6199.0,Tiene,varon,25 a 29,2010
46,6678.0,Tiene,mujer,25 a 29,2010
46,11360.0,No tiene,varon,25 a 29,2022
46,10665.0,No tiene,mujer,25 a 29,2022
46,6899.0,Tiene,varon,25 a 29,2022
46,6600.0,Tiene,mujer,25 a 29,2022
46,7233.0,Tiene,varon,30 a 34,2010
46,6215.0,No tiene,varon,30 a 34,2010
46,8049.0,Tiene,mujer,30 a 34,2010
46,6044.0,No tiene,mujer,30 a 34,2010
46,7584.0,Tiene,varon,30 a 34,2022
46,7909.0,No tiene,mujer,30 a 34,2022
46,7996.0,No tiene,varon,30 a 34,2022
46,7135.0,Tiene,mujer,30 a 34,2022
46,7026.0,Tiene,mujer,35 a 39,2010
46,6432.0,Tiene,varon,35 a 39,2010
46,4345.0,No tiene,varon,35 a 39,2010
46,3828.0,No tiene,mujer,35 a 39,2010
46,7253.0,Tiene,mujer,35 a 39,2022
46,8203.0,Tiene,varon,35 a 39,2022
46,5823.0,No tiene,mujer,35 a 39,2022
46,5978.0,No tiene,varon,35 a 39,2022
46,3153.0,No tiene,varon,40 a 44,2010
46,2804.0,No tiene,mujer,40 a 44,2010
46,6414.0,Tiene,mujer,40 a 44,2010
46,6238.0,Tiene,varon,40 a 44,2010
46,5199.0,No tiene,varon,40 a 44,2022
46,9327.0,Tiene,varon,40 a 44,2022
46,8291.0,Tiene,mujer,40 a 44,2022
46,5449.0,No tiene,mujer,40 a 44,2022
46,6010.0,Tiene,varon,45 a 49,2010
46,6419.0,Tiene,mujer,45 a 49,2010
46,2096.0,No tiene,mujer,45 a 49,2010
46,2503.0,No tiene,varon,45 a 49,2010
46,7108.0,Tiene,mujer,45 a 49,2022
46,8294.0,Tiene,varon,45 a 49,2022
46,3779.0,No tiene,varon,45 a 49,2022
46,4293.0,No tiene,mujer,45 a 49,2022
46,7040.0,No tiene,mujer,5 a 9,2010
46,6773.0,No tiene,varon,5 a 9,2010
46,8552.0,Tiene,varon,5 a 9,2010
46,8356.0,Tiene,mujer,5 a 9,2010
46,7868.0,Tiene,mujer,5 a 9,2022
46,7351.0,No tiene,varon,5 a 9,2022
46,7592.0,No tiene,mujer,5 a 9,2022
46,7594.0,Tiene,varon,5 a 9,2022
46,6165.0,Tiene,mujer,50 a 54,2010
46,1878.0,No tiene,mujer,50 a 54,2010
46,2233.0,No tiene,varon,50 a 54,2010
46,5516.0,Tiene,varon,50 a 54,2010
46,3038.0,No tiene,mujer,50 a 54,2022
46,6397.0,Tiene,mujer,50 a 54,2022
46,7248.0,Tiene,varon,50 a 54,2022
46,2735.0,No tiene,varon,50 a 54,2022
46,1787.0,No tiene,varon,55 a 59,2010
46,5189.0,Tiene,mujer,55 a 59,2010
46,1573.0,No tiene,mujer,55 a 59,2010
46,4957.0,Tiene,varon,55 a 59,2010
46,2101.0,No tiene,varon,55 a 59,2022
46,6799.0,Tiene,varon,55 a 59,2022
46,2291.0,No tiene,mujer,55 a 59,2022
46,5984.0,Tiene,mujer,55 a 59,2022
46,850.0,No tiene,mujer,60 a 64,2010
46,1364.0,No tiene,varon,60 a 64,2010
46,4492.0,Tiene,mujer,60 a 64,2010
46,3802.0,Tiene,varon,60 a 64,2010
46,6610.0,Tiene,varon,60 a 64,2022
46,5429.0,Tiene,mujer,60 a 64,2022
46,1885.0,No tiene,mujer,60 a 64,2022
46,1151.0,No tiene,varon,60 a 64,2022
46,3724.0,Tiene,mujer,65 a 69,2010
46,492.0,No tiene,varon,65 a 69,2010
46,3428.0,Tiene,varon,65 a 69,2010
46,233.0,No tiene,mujer,65 a 69,2010
46,312.0,No tiene,varon,65 a 69,2022
46,5330.0,Tiene,mujer,65 a 69,2022
46,6158.0,Tiene,varon,65 a 69,2022
46,667.0,No tiene,mujer,65 a 69,2022
46,3170.0,Tiene,mujer,70 a 74,2010
46,207.0,No tiene,varon,70 a 74,2010
46,1989.0,Tiene,varon,70 a 74,2010
46,143.0,No tiene,mujer,70 a 74,2010
46,4021.0,Tiene,mujer,70 a 74,2022
46,4892.0,Tiene,varon,70 a 74,2022
46,194.0,No tiene,mujer,70 a 74,2022
46,127.0,No tiene,varon,70 a 74,2022
46,1835.0,Tiene,varon,75 a 79,2010
46,2347.0,Tiene,mujer,75 a 79,2010
46,148.0,No tiene,varon,75 a 79,2010
46,138.0,No tiene,mujer,75 a 79,2010
46,2776.0,Tiene,varon,75 a 79,2022
46,79.0,No tiene,varon,75 a 79,2022
46,108.0,No tiene,mujer,75 a 79,2022
46,2577.0,Tiene,mujer,75 a 79,2022
46,1821.0,Tiene,mujer,80 a 84,2010
46,71.0,No tiene,mujer,80 a 84,2010
46,97.0,No tiene,varon,80 a 84,2010
46,1083.0,Tiene,varon,80 a 84,2010
46,48.0,No tiene,mujer,80 a 84,2022
46,1374.0,Tiene,mujer,80 a 84,2022
46,2137.0,Tiene,varon,80 a 84,2022
46,52.0,No tiene,varon,80 a 84,2022
46,27.0,No tiene,varon,85 a 89,2010
46,1030.0,Tiene,mujer,85 a 89,2010
46,45.0,No tiene,mujer,85 a 89,2010
46,478.0,Tiene,varon,85 a 89,2010
46,19.0,No tiene,mujer,85 a 89,2022
46,1150.0,Tiene,varon,85 a 89,2022
46,617.0,Tiene,mujer,85 a 89,2022
46,30.0,No tiene,varon,85 a 89,2022
46,7.0,No tiene,varon,90 a 94,2010
46,21.0,No tiene,mujer,90 a 94,2010
46,353.0,Tiene,mujer,90 a 94,2010
46,117.0,Tiene,varon,90 a 94,2010
46,26.0,No tiene,varon,90 a 94,2022
46,549.0,Tiene,varon,90 a 94,2022
46,245.0,Tiene,mujer,90 a 94,2022
46,20.0,No tiene,mujer,90 a 94,2022
46,1.0,No tiene,varon,95 a 99,2010
46,6.0,No tiene,mujer,95 a 99,2010
46,86.0,Tiene,mujer,95 a 99,2010
46,29.0,Tiene,varon,95 a 99,2010
46,3.0,No tiene,mujer,95 a 99,2022
46,44.0,Tiene,mujer,95 a 99,2022
46,20.0,No tiene,varon,95 a 99,2022
46,150.0,Tiene,varon,95 a 99,2022
50,34483.0,No tiene,varon,0 a 4,2010
50,33347.0,No tiene,mujer,0 a 4,2010
50,42096.0,Tiene,mujer,0 a 4,2010
50,43654.0,Tiene,varon,0 a 4,2010
50,33858.0,Tiene,mujer,0 a 4,2022
50,31395.0,No tiene,varon,0 a 4,2022
50,32449.0,No tiene,mujer,0 a 4,2022
50,33222.0,Tiene,varon,0 a 4,2022
50,32201.0,No tiene,mujer,10 a 14,2010
50,43854.0,Tiene,varon,10 a 14,2010
50,32910.0,No tiene,varon,10 a 14,2010
50,41089.0,Tiene,mujer,10 a 14,2010
50,46353.0,Tiene,varon,10 a 14,2022
50,37440.0,No tiene,mujer,10 a 14,2022
50,47745.0,Tiene,mujer,10 a 14,2022
50,36243.0,No tiene,varon,10 a 14,2022
50,43.0,Tiene,mujer,100 y más,2010
50,9.0,No tiene,varon,100 y más,2010
50,3.0,No tiene,mujer,100 y más,2010
50,4.0,Tiene,varon,100 y más,2010
50,32.0,Tiene,mujer,100 y más,2022
50,14.0,No tiene,varon,100 y más,2022
50,6.0,No tiene,mujer,100 y más,2022
50,95.0,Tiene,varon,100 y más,2022
50,43471.0,Tiene,mujer,15 a 19,2010
50,35652.0,No tiene,mujer,15 a 19,2010
50,36759.0,No tiene,varon,15 a 19,2010
50,42881.0,Tiene,varon,15 a 19,2010
50,34128.0,No tiene,mujer,15 a 19,2022
50,43833.0,Tiene,mujer,15 a 19,2022
50,33630.0,No tiene,varon,15 a 19,2022
50,43315.0,Tiene,varon,15 a 19,2022
50,36820.0,Tiene,varon,20 a 24,2010
50,35278.0,Tiene,mujer,20 a 24,2010
50,37527.0,No tiene,mujer,20 a 24,2010
50,38977.0,No tiene,varon,20 a 24,2010
50,42739.0,No tiene,mujer,20 a 24,2022
50,33051.0,Tiene,varon,20 a 24,2022
50,32955.0,Tiene,mujer,20 a 24,2022
50,42914.0,No tiene,varon,20 a 24,2022
50,30680.0,No tiene,varon,25 a 29,2010
50,35780.0,Tiene,varon,25 a 29,2010
50,28668.0,No tiene,mujer,25 a 29,2010
50,38365.0,Tiene,mujer,25 a 29,2010
50,43696.0,No tiene,varon,25 a 29,2022
50,36445.0,Tiene,varon,25 a 29,2022
50,42068.0,No tiene,mujer,25 a 29,2022
50,34624.0,Tiene,mujer,25 a 29,2022
50,24286.0,No tiene,mujer,30 a 34,2010
50,38786.0,Tiene,varon,30 a 34,2010
50,42699.0,Tiene,mujer,30 a 34,2010
50,26257.0,No tiene,varon,30 a 34,2010
50,40246.0,Tiene,mujer,30 a 34,2022
50,43769.0,Tiene,varon,30 a 34,2022
50,34589.0,No tiene,mujer,30 a 34,2022
50,34516.0,No tiene,varon,30 a 34,2022
50,19805.0,No tiene,varon,35 a 39,2010
50,37844.0,Tiene,mujer,35 a 39,2010
50,20351.0,No tiene,mujer,35 a 39,2010
50,34476.0,Tiene,varon,35 a 39,2010
50,27876.0,No tiene,mujer,35 a 39,2022
50,36335.0,Tiene,varon,35 a 39,2022
50,41326.0,Tiene,mujer,35 a 39,2022
50,27442.0,No tiene,varon,35 a 39,2022
50,16371.0,No tiene,varon,40 a 44,2010
50,32701.0,Tiene,mujer,40 a 44,2010
50,17034.0,No tiene,mujer,40 a 44,2010
50,29404.0,Tiene,varon,40 a 44,2010
50,43241.0,Tiene,mujer,40 a 44,2022
50,25582.0,No tiene,varon,40 a 44,2022
50,47646.0,Tiene,varon,40 a 44,2022
50,25826.0,No tiene,mujer,40 a 44,2022
50,15928.0,No tiene,mujer,45 a 49,2010
50,15858.0,No tiene,varon,45 a 49,2010
50,31222.0,Tiene,mujer,45 a 49,2010
50,27720.0,Tiene,varon,45 a 49,2010
50,21315.0,No tiene,varon,45 a 49,2022
50,21595.0,No tiene,mujer,45 a 49,2022
50,37671.0,Tiene,mujer,45 a 49,2022
50,43238.0,Tiene,varon,45 a 49,2022
50,41386.0,Tiene,varon,5 a 9,2010
50,30479.0,No tiene,varon,5 a 9,2010
50,40602.0,Tiene,mujer,5 a 9,2010
50,29769.0,No tiene,mujer,5 a 9,2010
50,46125.0,Tiene,mujer,5 a 9,2022
50,39313.0,No tiene,varon,5 a 9,2022
50,44777.0,Tiene,varon,5 a 9,2022
50,40041.0,No tiene,mujer,5 a 9,2022
50,15498.0,No tiene,mujer,50 a 54,2010
50,29439.0,Tiene,mujer,50 a 54,2010
50,14749.0,No tiene,varon,50 a 54,2010
50,25517.0,Tiene,varon,50 a 54,2010
50,17793.0,No tiene,varon,50 a 54,2022
50,17643.0,No tiene,mujer,50 a 54,2022
50,32098.0,Tiene,mujer,50 a 54,2022
50,38000.0,Tiene,varon,50 a 54,2022
50,28999.0,Tiene,mujer,55 a 59,2010
50,14228.0,No tiene,mujer,55 a 59,2010
50,14415.0,No tiene,varon,55 a 59,2010
50,24610.0,Tiene,varon,55 a 59,2010
50,28442.0,Tiene,mujer,55 a 59,2022
50,15113.0,No tiene,mujer,55 a 59,2022
50,15180.0,No tiene,varon,55 a 59,2022
50,34328.0,Tiene,varon,55 a 59,2022
50,33683.0,Tiene,mujer,60 a 64,2010
50,5363.0,No tiene,mujer,60 a 64,2010
50,11829.0,No tiene,varon,60 a 64,2010
50,22496.0,Tiene,varon,60 a 64,2010
50,12539.0,No tiene,mujer,60 a 64,2022
50,27839.0,Tiene,mujer,60 a 64,2022
50,39698.0,Tiene,varon,60 a 64,2022
50,7019.0,No tiene,varon,60 a 64,2022
50,23604.0,Tiene,varon,65 a 69,2010
50,29535.0,Tiene,mujer,65 a 69,2010
50,3227.0,No tiene,varon,65 a 69,2010
50,1187.0,No tiene,mujer,65 a 69,2010
50,1823.0,No tiene,varon,65 a 69,2022
50,32547.0,Tiene,mujer,65 a 69,2022
50,41716.0,Tiene,varon,65 a 69,2022
50,3984.0,No tiene,mujer,65 a 69,2022
50,18440.0,Tiene,varon,70 a 74,2010
50,668.0,No tiene,mujer,70 a 74,2010
50,925.0,No tiene,varon,70 a 74,2010
50,24184.0,Tiene,mujer,70 a 74,2010
50,36863.0,Tiene,varon,70 a 74,2022
50,28955.0,Tiene,mujer,70 a 74,2022
50,1009.0,No tiene,varon,70 a 74,2022
50,875.0,No tiene,mujer,70 a 74,2022
50,19776.0,Tiene,mujer,75 a 79,2010
50,547.0,No tiene,varon,75 a 79,2010
50,576.0,No tiene,mujer,75 a 79,2010
50,14104.0,Tiene,varon,75 a 79,2010
50,19653.0,Tiene,mujer,75 a 79,2022
50,518.0,No tiene,mujer,75 a 79,2022
50,599.0,No tiene,varon,75 a 79,2022
50,27830.0,Tiene,varon,75 a 79,2022
50,15131.0,Tiene,mujer,80 a 84,2010
50,8858.0,Tiene,varon,80 a 84,2010
50,271.0,No tiene,varon,80 a 84,2010
50,388.0,No tiene,mujer,80 a 84,2010
50,350.0,No tiene,varon,80 a 84,2022
50,17761.0,Tiene,varon,80 a 84,2022
50,11089.0,Tiene,mujer,80 a 84,2022
50,256.0,No tiene,mujer,80 a 84,2022
50,3856.0,Tiene,varon,85 a 89,2010
50,200.0,No tiene,mujer,85 a 89,2010
50,7882.0,Tiene,mujer,85 a 89,2010
50,91.0,No tiene,varon,85 a 89,2010
50,5286.0,Tiene,mujer,85 a 89,2022
50,173.0,No tiene,mujer,85 a 89,2022
50,9946.0,Tiene,varon,85 a 89,2022
50,216.0,No tiene,varon,85 a 89,2022
50,87.0,No tiene,mujer,90 a 94,2010
50,2503.0,Tiene,mujer,90 a 94,2010
50,1074.0,Tiene,varon,90 a 94,2010
50,27.0,No tiene,varon,90 a 94,2010
50,1855.0,Tiene,mujer,90 a 94,2022
50,94.0,No tiene,mujer,90 a 94,2022
50,176.0,No tiene,varon,90 a 94,2022
50,4468.0,Tiene,varon,90 a 94,2022
50,149.0,Tiene,varon,95 a 99,2010
50,1.0,No tiene,varon,95 a 99,2010
50,17.0,No tiene,mujer,95 a 99,2010
50,567.0,Tiene,mujer,95 a 99,2010
50,1055.0,Tiene,varon,95 a 99,2022
50,402.0,Tiene,mujer,95 a 99,2022
50,86.0,No tiene,varon,95 a 99,2022
50,78.0,No tiene,mujer,95 a 99,2022
54,28199.0,Tiene,mujer,0 a 4,2010
54,29247.0,Tiene,varon,0 a 4,2010
54,28260.0,No tiene,varon,0 a 4,2010
54,27577.0,No tiene,mujer,0 a 4,2010
54,22063.0,Tiene,mujer,0 a 4,2022
54,29823.0,No tiene,mujer,0 a 4,2022
54,21383.0,Tiene,varon,0 a 4,2022
54,29083.0,No tiene,varon,0 a 4,2022
54,33201.0,Tiene,varon,10 a 14,2010
54,31862.0,No tiene,varon,10 a 14,2010
54,31057.0,No tiene,mujer,10 a 14,2010
54,32258.0,Tiene,mujer,10 a 14,2010
54,28144.0,Tiene,varon,10 a 14,2022
54,30527.0,No tiene,varon,10 a 14,2022
54,31363.0,No tiene,mujer,10 a 14,2022
54,28936.0,Tiene,mujer,10 a 14,2022
54,17.0,No tiene,varon,100 y más,2010
54,21.0,No tiene,mujer,100 y más,2010
54,25.0,Tiene,mujer,100 y más,2010
54,4.0,Tiene,varon,100 y más,2010
54,7.0,No tiene,varon,100 y más,2022
54,37.0,Tiene,varon,100 y más,2022
54,25.0,Tiene,mujer,100 y más,2022
54,6.0,No tiene,mujer,100 y más,2022
54,30720.0,Tiene,mujer,15 a 19,2010
54,29782.0,No tiene,varon,15 a 19,2010
54,30246.0,Tiene,varon,15 a 19,2010
54,29232.0,No tiene,mujer,15 a 19,2010
54,24935.0,Tiene,varon,15 a 19,2022
54,29128.0,No tiene,varon,15 a 19,2022
54,29916.0,No tiene,mujer,15 a 19,2022
54,25502.0,Tiene,mujer,15 a 19,2022
54,18370.0,Tiene,varon,20 a 24,2010
54,21526.0,Tiene,mujer,20 a 24,2010
54,26160.0,No tiene,varon,20 a 24,2010
54,24937.0,No tiene,mujer,20 a 24,2010
54,19481.0,Tiene,varon,20 a 24,2022
54,18857.0,Tiene,mujer,20 a 24,2022
54,33484.0,No tiene,mujer,20 a 24,2022
54,35975.0,No tiene,varon,20 a 24,2022
54,20743.0,No tiene,varon,25 a 29,2010
54,21350.0,Tiene,mujer,25 a 29,2010
54,19737.0,No tiene,mujer,25 a 29,2010
54,19893.0,Tiene,varon,25 a 29,2010
54,19745.0,Tiene,mujer,25 a 29,2022
54,32516.0,No tiene,varon,25 a 29,2022
54,22601.0,Tiene,varon,25 a 29,2022
54,24058.0,No tiene,mujer,25 a 29,2022
54,16061.0,No tiene,mujer,30 a 34,2010
54,20794.0,Tiene,varon,30 a 34,2010
54,23636.0,Tiene,mujer,30 a 34,2010
54,16479.0,No tiene,varon,30 a 34,2010
54,24096.0,No tiene,mujer,30 a 34,2022
54,18989.0,Tiene,mujer,30 a 34,2022
54,24825.0,No tiene,varon,30 a 34,2022
54,26651.0,Tiene,varon,30 a 34,2022
54,18321.0,Tiene,varon,35 a 39,2010
54,13057.0,No tiene,mujer,35 a 39,2010
54,21148.0,Tiene,mujer,35 a 39,2010
54,13436.0,No tiene,varon,35 a 39,2010
54,23610.0,Tiene,mujer,35 a 39,2022
54,26394.0,Tiene,varon,35 a 39,2022
54,19558.0,No tiene,mujer,35 a 39,2022
54,19764.0,No tiene,varon,35 a 39,2022
54,16645.0,Tiene,varon,40 a 44,2010
54,18248.0,Tiene,mujer,40 a 44,2010
54,11318.0,No tiene,varon,40 a 44,2010
54,10722.0,No tiene,mujer,40 a 44,2010
54,17434.0,No tiene,mujer,40 a 44,2022
54,17785.0,No tiene,varon,40 a 44,2022
54,24631.0,Tiene,varon,40 a 44,2022
54,22760.0,Tiene,mujer,40 a 44,2022
54,16727.0,Tiene,varon,45 a 49,2010
54,10947.0,No tiene,varon,45 a 49,2010
54,18791.0,Tiene,mujer,45 a 49,2010
54,10038.0,No tiene,mujer,45 a 49,2010
54,19164.0,Tiene,mujer,45 a 49,2022
54,21897.0,Tiene,varon,45 a 49,2022
54,11060.0,No tiene,varon,45 a 49,2022
54,14589.0,No tiene,mujer,45 a 49,2022
54,29477.0,No tiene,varon,5 a 9,2010
54,29029.0,Tiene,mujer,5 a 9,2010
54,28157.0,No tiene,mujer,5 a 9,2010
54,30299.0,Tiene,varon,5 a 9,2010
54,27831.0,Tiene,mujer,5 a 9,2022
54,31638.0,No tiene,varon,5 a 9,2022
54,22036.0,Tiene,varon,5 a 9,2022
54,33331.0,No tiene,mujer,5 a 9,2022
54,16124.0,Tiene,mujer,50 a 54,2010
54,14728.0,Tiene,varon,50 a 54,2010
54,8368.0,No tiene,mujer,50 a 54,2010
54,10181.0,No tiene,varon,50 a 54,2010
54,16606.0,Tiene,mujer,50 a 54,2022
54,11005.0,No tiene,varon,50 a 54,2022
54,12040.0,No tiene,mujer,50 a 54,2022
54,19811.0,Tiene,varon,50 a 54,2022
54,6472.0,No tiene,mujer,55 a 59,2010
54,12415.0,Tiene,varon,55 a 59,2010
54,13675.0,Tiene,mujer,55 a 59,2010
54,8629.0,No tiene,varon,55 a 59,2010
54,19290.0,Tiene,varon,55 a 59,2022
54,10719.0,No tiene,mujer,55 a 59,2022
54,7700.0,No tiene,varon,55 a 59,2022
54,15954.0,Tiene,mujer,55 a 59,2022
54,3294.0,No tiene,mujer,60 a 64,2010
54,6112.0,No tiene,varon,60 a 64,2010
54,9691.0,Tiene,varon,60 a 64,2010
54,12827.0,Tiene,mujer,60 a 64,2010
54,5139.0,No tiene,varon,60 a 64,2022
54,8582.0,No tiene,mujer,60 a 64,2022
54,14986.0,Tiene,mujer,60 a 64,2022
54,20144.0,Tiene,varon,60 a 64,2022
54,1018.0,No tiene,mujer,65 a 69,2010
54,11025.0,Tiene,mujer,65 a 69,2010
54,9628.0,Tiene,varon,65 a 69,2010
54,2058.0,No tiene,varon,65 a 69,2010
54,1421.0,No tiene,varon,65 a 69,2022
54,19185.0,Tiene,varon,65 a 69,2022
54,3150.0,No tiene,mujer,65 a 69,2022
54,15866.0,Tiene,mujer,65 a 69,2022
54,8055.0,Tiene,varon,70 a 74,2010
54,724.0,No tiene,mujer,70 a 74,2010
54,9139.0,Tiene,mujer,70 a 74,2010
54,876.0,No tiene,varon,70 a 74,2010
54,756.0,No tiene,mujer,70 a 74,2022
54,13939.0,Tiene,varon,70 a 74,2022
54,544.0,No tiene,varon,70 a 74,2022
54,12495.0,Tiene,mujer,70 a 74,2022
54,522.0,No tiene,varon,75 a 79,2010
54,624.0,No tiene,mujer,75 a 79,2010
54,5196.0,Tiene,varon,75 a 79,2010
54,5118.0,Tiene,mujer,75 a 79,2010
54,248.0,No tiene,mujer,75 a 79,2022
54,9834.0,Tiene,varon,75 a 79,2022
54,406.0,No tiene,varon,75 a 79,2022
54,7607.0,Tiene,mujer,75 a 79,2022
54,313.0,No tiene,varon,80 a 84,2010
54,3241.0,Tiene,varon,80 a 84,2010
54,4488.0,Tiene,mujer,80 a 84,2010
54,425.0,No tiene,mujer,80 a 84,2010
54,6233.0,Tiene,varon,80 a 84,2022
54,220.0,No tiene,varon,80 a 84,2022
54,4347.0,Tiene,mujer,80 a 84,2022
54,201.0,No tiene,mujer,80 a 84,2022
54,2071.0,Tiene,mujer,85 a 89,2010
54,1256.0,Tiene,varon,85 a 89,2010
54,99.0,No tiene,varon,85 a 89,2010
54,185.0,No tiene,mujer,85 a 89,2010
54,1961.0,Tiene,mujer,85 a 89,2022
54,3408.0,Tiene,varon,85 a 89,2022
54,107.0,No tiene,mujer,85 a 89,2022
54,151.0,No tiene,varon,85 a 89,2022
54,414.0,Tiene,varon,90 a 94,2010
54,672.0,Tiene,mujer,90 a 94,2010
54,61.0,No tiene,varon,90 a 94,2010
54,108.0,No tiene,mujer,90 a 94,2010
54,108.0,No tiene,varon,90 a 94,2022
54,671.0,Tiene,mujer,90 a 94,2022
54,101.0,No tiene,mujer,90 a 94,2022
54,1322.0,Tiene,varon,90 a 94,2022
54,33.0,No tiene,mujer,95 a 99,2010
54,55.0,Tiene,varon,95 a 99,2010
54,22.0,No tiene,varon,95 a 99,2010
54,186.0,Tiene,mujer,95 a 99,2010
54,47.0,No tiene,mujer,95 a 99,2022
54,43.0,No tiene,varon,95 a 99,2022
54,303.0,Tiene,varon,95 a 99,2022
54,180.0,Tiene,mujer,95 a 99,2022
58,14925.0,Tiene,mujer,0 a 4,2010
58,15350.0,Tiene,varon,0 a 4,2010
58,9492.0,No tiene,mujer,0 a 4,2010
58,10508.0,No tiene,varon,0 a 4,2010
58,8135.0,No tiene,mujer,0 a 4,2022
58,13700.0,Tiene,mujer,0 a 4,2022
58,13388.0,Tiene,varon,0 a 4,2022
58,7931.0,No tiene,varon,0 a 4,2022
58,15141.0,Tiene,mujer,10 a 14,2010
58,8845.0,No tiene,varon,10 a 14,2010
58,17035.0,Tiene,varon,10 a 14,2010
58,8733.0,No tiene,mujer,10 a 14,2010
58,20408.0,Tiene,mujer,10 a 14,2022
58,9135.0,No tiene,varon,10 a 14,2022
58,9370.0,No tiene,mujer,10 a 14,2022
58,19916.0,Tiene,varon,10 a 14,2022
58,1.0,Tiene,varon,100 y más,2010
58,14.0,No tiene,mujer,100 y más,2010
58,12.0,Tiene,mujer,100 y más,2010
58,,No tiene,varon,100 y más,2010
58,35.0,Tiene,varon,100 y más,2022
58,3.0,No tiene,varon,100 y más,2022
58,13.0,Tiene,mujer,100 y más,2022
58,1.0,No tiene,mujer,100 y más,2022
58,15916.0,Tiene,varon,15 a 19,2010
58,16259.0,Tiene,mujer,15 a 19,2010
58,10022.0,No tiene,mujer,15 a 19,2010
58,10227.0,No tiene,varon,15 a 19,2010
58,17432.0,Tiene,mujer,15 a 19,2022
58,16917.0,Tiene,varon,15 a 19,2022
58,8540.0,No tiene,varon,15 a 19,2022
58,8928.0,No tiene,mujer,15 a 19,2022
58,11546.0,No tiene,mujer,20 a 24,2010
58,11173.0,Tiene,mujer,20 a 24,2010
58,11394.0,Tiene,varon,20 a 24,2010
58,12324.0,No tiene,varon,20 a 24,2010
58,13001.0,No tiene,mujer,20 a 24,2022
58,12925.0,Tiene,mujer,20 a 24,2022
58,12503.0,No tiene,varon,20 a 24,2022
58,12618.0,Tiene,varon,20 a 24,2022
58,13145.0,Tiene,varon,25 a 29,2010
58,9391.0,No tiene,varon,25 a 29,2010
58,13812.0,Tiene,mujer,25 a 29,2010
58,8972.0,No tiene,mujer,25 a 29,2010
58,13550.0,No tiene,varon,25 a 29,2022
58,15765.0,Tiene,varon,25 a 29,2022
58,13099.0,No tiene,mujer,25 a 29,2022
58,15470.0,Tiene,mujer,25 a 29,2022
58,7862.0,No tiene,varon,30 a 34,2010
58,7526.0,No tiene,mujer,30 a 34,2010
58,16039.0,Tiene,mujer,30 a 34,2010
58,14817.0,Tiene,varon,30 a 34,2010
58,10719.0,No tiene,varon,30 a 34,2022
58,11253.0,No tiene,mujer,30 a 34,2022
58,19290.0,Tiene,mujer,30 a 34,2022
58,20446.0,Tiene,varon,30 a 34,2022
58,14760.0,Tiene,mujer,35 a 39,2010
58,13303.0,Tiene,varon,35 a 39,2010
58,6570.0,No tiene,varon,35 a 39,2010
58,6209.0,No tiene,mujer,35 a 39,2010
58,18966.0,Tiene,mujer,35 a 39,2022
58,20013.0,Tiene,varon,35 a 39,2022
58,8886.0,No tiene,mujer,35 a 39,2022
58,8108.0,No tiene,varon,35 a 39,2022
58,11224.0,Tiene,varon,40 a 44,2010
58,5047.0,No tiene,mujer,40 a 44,2010
58,5255.0,No tiene,varon,40 a 44,2010
58,12111.0,Tiene,mujer,40 a 44,2010
58,8080.0,No tiene,mujer,40 a 44,2022
58,7804.0,No tiene,varon,40 a 44,2022
58,20385.0,Tiene,varon,40 a 44,2022
58,18894.0,Tiene,mujer,40 a 44,2022
58,5109.0,No tiene,varon,45 a 49,2010
58,12048.0,Tiene,mujer,45 a 49,2010
58,10647.0,Tiene,varon,45 a 49,2010
58,4591.0,No tiene,mujer,45 a 49,2010
58,15942.0,Tiene,mujer,45 a 49,2022
58,6487.0,No tiene,varon,45 a 49,2022
58,17623.0,Tiene,varon,45 a 49,2022
58,6858.0,No tiene,mujer,45 a 49,2022
58,6485.0,No tiene,mujer,5 a 9,2010
58,15175.0,Tiene,varon,5 a 9,2010
58,13887.0,Tiene,mujer,5 a 9,2010
58,8367.0,No tiene,varon,5 a 9,2010
58,9882.0,No tiene,mujer,5 a 9,2022
58,19125.0,Tiene,mujer,5 a 9,2022
58,9988.0,No tiene,varon,5 a 9,2022
58,18656.0,Tiene,varon,5 a 9,2022
58,4219.0,No tiene,mujer,50 a 54,2010
58,8953.0,Tiene,varon,50 a 54,2010
58,9958.0,Tiene,mujer,50 a 54,2010
58,4743.0,No tiene,varon,50 a 54,2010
58,13152.0,Tiene,mujer,50 a 54,2022
58,14896.0,Tiene,varon,50 a 54,2022
58,5588.0,No tiene,mujer,50 a 54,2022
58,5381.0,No tiene,varon,50 a 54,2022
58,4302.0,No tiene,varon,55 a 59,2010
58,8367.0,Tiene,mujer,55 a 59,2010
58,3400.0,No tiene,mujer,55 a 59,2010
58,7540.0,Tiene,varon,55 a 59,2010
58,4658.0,No tiene,varon,55 a 59,2022
58,13131.0,Tiene,varon,55 a 59,2022
58,4778.0,No tiene,mujer,55 a 59,2022
58,11426.0,Tiene,mujer,55 a 59,2022
58,1885.0,No tiene,mujer,60 a 64,2010
58,7576.0,Tiene,mujer,60 a 64,2010
58,5991.0,Tiene,varon,60 a 64,2010
58,3119.0,No tiene,varon,60 a 64,2010
58,3917.0,No tiene,mujer,60 a 64,2022
58,2536.0,No tiene,varon,60 a 64,2022
58,12562.0,Tiene,varon,60 a 64,2022
58,9740.0,Tiene,mujer,60 a 64,2022
58,1185.0,No tiene,varon,65 a 69,2010
58,4240.0,Tiene,varon,65 a 69,2010
58,600.0,No tiene,mujer,65 a 69,2010
58,6061.0,Tiene,mujer,65 a 69,2010
58,869.0,No tiene,varon,65 a 69,2022
58,9563.0,Tiene,mujer,65 a 69,2022
58,11963.0,Tiene,varon,65 a 69,2022
58,1580.0,No tiene,mujer,65 a 69,2022
58,3823.0,Tiene,varon,70 a 74,2010
58,4611.0,Tiene,mujer,70 a 74,2010
58,451.0,No tiene,mujer,70 a 74,2010
58,463.0,No tiene,varon,70 a 74,2010
58,380.0,No tiene,mujer,70 a 74,2022
58,9248.0,Tiene,varon,70 a 74,2022
58,7797.0,Tiene,mujer,70 a 74,2022
58,393.0,No tiene,varon,70 a 74,2022
58,2559.0,Tiene,varon,75 a 79,2010
58,250.0,No tiene,varon,75 a 79,2010
58,3579.0,Tiene,mujer,75 a 79,2010
58,357.0,No tiene,mujer,75 a 79,2010
58,6387.0,Tiene,varon,75 a 79,2022
58,182.0,No tiene,mujer,75 a 79,2022
58,5011.0,Tiene,mujer,75 a 79,2022
58,229.0,No tiene,varon,75 a 79,2022
58,1290.0,Tiene,varon,80 a 84,2010
58,2376.0,Tiene,mujer,80 a 84,2010
58,117.0,No tiene,mujer,80 a 84,2010
58,142.0,No tiene,varon,80 a 84,2010
58,3891.0,Tiene,varon,80 a 84,2022
58,102.0,No tiene,varon,80 a 84,2022
58,67.0,No tiene,mujer,80 a 84,2022
58,2704.0,Tiene,mujer,80 a 84,2022
58,65.0,No tiene,mujer,85 a 89,2010
58,610.0,Tiene,varon,85 a 89,2010
58,1310.0,Tiene,mujer,85 a 89,2010
58,55.0,No tiene,varon,85 a 89,2010
58,60.0,No tiene,varon,85 a 89,2022
58,1237.0,Tiene,mujer,85 a 89,2022
58,2186.0,Tiene,varon,85 a 89,2022
58,39.0,No tiene,mujer,85 a 89,2022
58,54.0,No tiene,mujer,90 a 94,2010
58,493.0,Tiene,mujer,90 a 94,2010
58,165.0,Tiene,varon,90 a 94,2010
58,25.0,No tiene,varon,90 a 94,2010
58,40.0,No tiene,mujer,90 a 94,2022
58,61.0,No tiene,varon,90 a 94,2022
58,432.0,Tiene,mujer,90 a 94,2022
58,928.0,Tiene,varon,90 a 94,2022
58,37.0,Tiene,varon,95 a 99,2010
58,110.0,Tiene,mujer,95 a 99,2010
58,3.0,No tiene,varon,95 a 99,2010
58,19.0,No tiene,mujer,95 a 99,2010
58,94.0,Tiene,mujer,95 a 99,2022
58,291.0,Tiene,varon,95 a 99,2022
58,9.0,No tiene,varon,95 a 99,2022
58,18.0,No tiene,mujer,95 a 99,2022
62,10781.0,No tiene,varon,0 a 4,2010
62,10079.0,No tiene,mujer,0 a 4,2010
62,16095.0,Tiene,mujer,0 a 4,2010
62,16623.0,Tiene,varon,0 a 4,2010
62,9471.0,No tiene,varon,0 a 4,2022
62,9641.0,No tiene,mujer,0 a 4,2022
62,12884.0,Tiene,varon,0 a 4,2022
62,13114.0,Tiene,mujer,0 a 4,2022
62,19201.0,Tiene,varon,10 a 14,2010
62,10317.0,No tiene,mujer,10 a 14,2010
62,8627.0,No tiene,varon,10 a 14,2010
62,18315.0,Tiene,mujer,10 a 14,2010
62,10335.0,No tiene,varon,10 a 14,2022
62,18889.0,Tiene,varon,10 a 14,2022
62,10956.0,No tiene,mujer,10 a 14,2022
62,19787.0,Tiene,mujer,10 a 14,2022
62,1.0,No tiene,varon,100 y más,2010
62,16.0,Tiene,mujer,100 y más,2010
62,1.0,No tiene,mujer,100 y más,2010
62,2.0,Tiene,varon,100 y más,2010
62,3.0,No tiene,mujer,100 y más,2022
62,24.0,Tiene,mujer,100 y más,2022
62,7.0,No tiene,varon,100 y más,2022
62,59.0,Tiene,varon,100 y más,2022
62,17995.0,Tiene,mujer,15 a 19,2010
62,12204.0,No tiene,varon,15 a 19,2010
62,11189.0,No tiene,mujer,15 a 19,2010
62,18401.0,Tiene,varon,15 a 19,2010
62,10133.0,No tiene,varon,15 a 19,2022
62,17576.0,Tiene,mujer,15 a 19,2022
62,16908.0,Tiene,varon,15 a 19,2022
62,10712.0,No tiene,mujer,15 a 19,2022
62,12101.0,Tiene,varon,20 a 24,2010
62,13414.0,No tiene,varon,20 a 24,2010
62,13317.0,No tiene,mujer,20 a 24,2010
62,12458.0,Tiene,mujer,20 a 24,2010
62,11500.0,Tiene,varon,20 a 24,2022
62,11695.0,Tiene,mujer,20 a 24,2022
62,15386.0,No tiene,mujer,20 a 24,2022
62,15361.0,No tiene,varon,20 a 24,2022
62,14530.0,Tiene,mujer,25 a 29,2010
62,11111.0,No tiene,varon,25 a 29,2010
62,10294.0,No tiene,mujer,25 a 29,2010
62,14067.0,Tiene,varon,25 a 29,2010
62,15850.0,No tiene,varon,25 a 29,2022
62,14744.0,No tiene,mujer,25 a 29,2022
62,13629.0,Tiene,mujer,25 a 29,2022
62,13893.0,Tiene,varon,25 a 29,2022
62,15677.0,Tiene,varon,30 a 34,2010
62,17309.0,Tiene,mujer,30 a 34,2010
62,9133.0,No tiene,varon,30 a 34,2010
62,8612.0,No tiene,mujer,30 a 34,2010
62,18319.0,Tiene,varon,30 a 34,2022
62,12640.0,No tiene,mujer,30 a 34,2022
62,12278.0,No tiene,varon,30 a 34,2022
62,16278.0,Tiene,mujer,30 a 34,2022
62,14350.0,Tiene,varon,35 a 39,2010
62,6934.0,No tiene,mujer,35 a 39,2010
62,13385.0,Tiene,mujer,35 a 39,2010
62,7507.0,No tiene,varon,35 a 39,2010
62,19828.0,Tiene,varon,35 a 39,2022
62,10272.0,No tiene,mujer,35 a 39,2022
62,17434.0,Tiene,mujer,35 a 39,2022
62,9761.0,No tiene,varon,35 a 39,2022
62,6568.0,No tiene,varon,40 a 44,2010
62,12215.0,Tiene,varon,40 a 44,2010
62,13793.0,Tiene,mujer,40 a 44,2010
62,5834.0,No tiene,mujer,40 a 44,2010
62,8820.0,No tiene,varon,40 a 44,2022
62,9493.0,No tiene,mujer,40 a 44,2022
62,17984.0,Tiene,mujer,40 a 44,2022
62,20469.0,Tiene,varon,40 a 44,2022
62,13288.0,Tiene,mujer,45 a 49,2010
62,4600.0,No tiene,mujer,45 a 49,2010
62,6251.0,No tiene,varon,45 a 49,2010
62,11982.0,Tiene,varon,45 a 49,2010
62,8020.0,No tiene,mujer,45 a 49,2022
62,15664.0,Tiene,mujer,45 a 49,2022
62,17691.0,Tiene,varon,45 a 49,2022
62,7499.0,No tiene,varon,45 a 49,2022
62,9848.0,No tiene,varon,5 a 9,2010
62,16841.0,Tiene,mujer,5 a 9,2010
62,9625.0,No tiene,mujer,5 a 9,2010
62,17558.0,Tiene,varon,5 a 9,2010
62,19043.0,Tiene,mujer,5 a 9,2022
62,11062.0,No tiene,varon,5 a 9,2022
62,11235.0,No tiene,mujer,5 a 9,2022
62,18385.0,Tiene,varon,5 a 9,2022
62,11752.0,Tiene,mujer,50 a 54,2010
62,4747.0,No tiene,mujer,50 a 54,2010
62,10648.0,Tiene,varon,50 a 54,2010
62,5714.0,No tiene,varon,50 a 54,2010
62,6788.0,No tiene,mujer,50 a 54,2022
62,12856.0,Tiene,mujer,50 a 54,2022
62,6151.0,No tiene,varon,50 a 54,2022
62,14778.0,Tiene,varon,50 a 54,2022
62,9591.0,Tiene,varon,55 a 59,2010
62,4830.0,No tiene,varon,55 a 59,2010
62,3973.0,No tiene,mujer,55 a 59,2010
62,10365.0,Tiene,mujer,55 a 59,2010
62,11663.0,Tiene,mujer,55 a 59,2022
62,14225.0,Tiene,varon,55 a 59,2022
62,5407.0,No tiene,varon,55 a 59,2022
62,6135.0,No tiene,mujer,55 a 59,2022
62,8404.0,Tiene,varon,60 a 64,2010
62,4194.0,No tiene,varon,60 a 64,2010
62,10410.0,Tiene,mujer,60 a 64,2010
62,1994.0,No tiene,mujer,60 a 64,2010
62,4447.0,No tiene,mujer,60 a 64,2022
62,14549.0,Tiene,varon,60 a 64,2022
62,10801.0,Tiene,mujer,60 a 64,2022
62,2417.0,No tiene,varon,60 a 64,2022
62,7626.0,Tiene,varon,65 a 69,2010
62,778.0,No tiene,mujer,65 a 69,2010
62,9290.0,Tiene,mujer,65 a 69,2010
62,1450.0,No tiene,varon,65 a 69,2010
62,14185.0,Tiene,varon,65 a 69,2022
62,567.0,No tiene,varon,65 a 69,2022
62,11745.0,Tiene,mujer,65 a 69,2022
62,1432.0,No tiene,mujer,65 a 69,2022
62,5831.0,Tiene,varon,70 a 74,2010
62,6824.0,Tiene,mujer,70 a 74,2010
62,581.0,No tiene,varon,70 a 74,2010
62,403.0,No tiene,mujer,70 a 74,2010
62,9637.0,Tiene,mujer,70 a 74,2022
62,307.0,No tiene,varon,70 a 74,2022
62,11390.0,Tiene,varon,70 a 74,2022
62,316.0,No tiene,mujer,70 a 74,2022
62,346.0,No tiene,mujer,75 a 79,2010
62,3964.0,Tiene,varon,75 a 79,2010
62,5270.0,Tiene,mujer,75 a 79,2010
62,341.0,No tiene,varon,75 a 79,2010
62,222.0,No tiene,mujer,75 a 79,2022
62,8528.0,Tiene,varon,75 a 79,2022
62,6512.0,Tiene,mujer,75 a 79,2022
62,210.0,No tiene,varon,75 a 79,2022
62,161.0,No tiene,varon,80 a 84,2010
62,2264.0,Tiene,varon,80 a 84,2010
62,261.0,No tiene,mujer,80 a 84,2010
62,3572.0,Tiene,mujer,80 a 84,2010
62,107.0,No tiene,mujer,80 a 84,2022
62,5362.0,Tiene,varon,80 a 84,2022
62,151.0,No tiene,varon,80 a 84,2022
62,3665.0,Tiene,mujer,80 a 84,2022
62,132.0,No tiene,mujer,85 a 89,2010
62,1072.0,Tiene,varon,85 a 89,2010
62,2180.0,Tiene,mujer,85 a 89,2010
62,83.0,No tiene,varon,85 a 89,2010
62,1707.0,Tiene,mujer,85 a 89,2022
62,3151.0,Tiene,varon,85 a 89,2022
62,64.0,No tiene,mujer,85 a 89,2022
62,56.0,No tiene,varon,85 a 89,2022
62,897.0,Tiene,mujer,90 a 94,2010
62,350.0,Tiene,varon,90 a 94,2010
62,53.0,No tiene,mujer,90 a 94,2010
62,19.0,No tiene,varon,90 a 94,2010
62,1388.0,Tiene,varon,90 a 94,2022
62,653.0,Tiene,mujer,90 a 94,2022
62,62.0,No tiene,mujer,90 a 94,2022
62,83.0,No tiene,varon,90 a 94,2022
62,76.0,Tiene,varon,95 a 99,2010
62,3.0,No tiene,varon,95 a 99,2010
62,167.0,Tiene,mujer,95 a 99,2010
62,19.0,No tiene,mujer,95 a 99,2010
62,182.0,Tiene,mujer,95 a 99,2022
62,45.0,No tiene,varon,95 a 99,2022
62,363.0,Tiene,varon,95 a 99,2022
62,51.0,No tiene,mujer,95 a 99,2022
66,26221.0,Tiene,mujer,0 a 4,2010
66,26869.0,Tiene,varon,0 a 4,2010
66,34518.0,No tiene,varon,0 a 4,2010
66,32933.0,No tiene,mujer,0 a 4,2010
66,31052.0,No tiene,varon,0 a 4,2022
66,20522.0,Tiene,varon,0 a 4,2022
66,21262.0,Tiene,mujer,0 a 4,2022
66,31727.0,No tiene,mujer,0 a 4,2022
66,30653.0,Tiene,mujer,10 a 14,2010
66,33734.0,No tiene,mujer,10 a 14,2010
66,32921.0,Tiene,varon,10 a 14,2010
66,34567.0,No tiene,varon,10 a 14,2010
66,32480.0,No tiene,varon,10 a 14,2022
66,31711.0,Tiene,mujer,10 a 14,2022
66,30884.0,Tiene,varon,10 a 14,2022
66,32952.0,No tiene,mujer,10 a 14,2022
66,25.0,Tiene,mujer,100 y más,2010
66,3.0,No tiene,varon,100 y más,2010
66,39.0,Tiene,varon,100 y más,2010
66,12.0,No tiene,mujer,100 y más,2010
66,78.0,Tiene,varon,100 y más,2022
66,17.0,No tiene,varon,100 y más,2022
66,21.0,Tiene,mujer,100 y más,2022
66,4.0,No tiene,mujer,100 y más,2022
66,31830.0,Tiene,mujer,15 a 19,2010
66,34211.0,No tiene,varon,15 a 19,2010
66,32549.0,No tiene,mujer,15 a 19,2010
66,30383.0,Tiene,varon,15 a 19,2010
66,29667.0,Tiene,mujer,15 a 19,2022
66,29155.0,Tiene,varon,15 a 19,2022
66,32055.0,No tiene,varon,15 a 19,2022
66,32691.0,No tiene,mujer,15 a 19,2022
66,31936.0,No tiene,mujer,20 a 24,2010
66,31362.0,No tiene,varon,20 a 24,2010
66,18405.0,Tiene,varon,20 a 24,2010
66,19739.0,Tiene,mujer,20 a 24,2010
66,21111.0,Tiene,varon,20 a 24,2022
66,40187.0,No tiene,varon,20 a 24,2022
66,21299.0,Tiene,mujer,20 a 24,2022
66,39805.0,No tiene,mujer,20 a 24,2022
66,27021.0,No tiene,varon,25 a 29,2010
66,27719.0,No tiene,mujer,25 a 29,2010
66,18799.0,Tiene,varon,25 a 29,2010
66,20072.0,Tiene,mujer,25 a 29,2010
66,40669.0,No tiene,varon,25 a 29,2022
66,38945.0,No tiene,mujer,25 a 29,2022
66,22147.0,Tiene,varon,25 a 29,2022
66,20597.0,Tiene,mujer,25 a 29,2022
66,23708.0,No tiene,mujer,30 a 34,2010
66,21284.0,No tiene,varon,30 a 34,2010
66,21845.0,Tiene,varon,30 a 34,2010
66,19793.0,Tiene,mujer,30 a 34,2010
66,29518.0,No tiene,varon,30 a 34,2022
66,25264.0,Tiene,varon,30 a 34,2022
66,28782.0,No tiene,mujer,30 a 34,2022
66,23111.0,Tiene,mujer,30 a 34,2022
66,18174.0,No tiene,mujer,35 a 39,2010
66,17253.0,No tiene,varon,35 a 39,2010
66,21790.0,Tiene,mujer,35 a 39,2010
66,19468.0,Tiene,varon,35 a 39,2010
66,23444.0,No tiene,mujer,35 a 39,2022
66,23974.0,No tiene,varon,35 a 39,2022
66,28014.0,Tiene,varon,35 a 39,2022
66,25122.0,Tiene,mujer,35 a 39,2022
66,19981.0,Tiene,mujer,40 a 44,2010
66,13379.0,No tiene,mujer,40 a 44,2010
66,14216.0,No tiene,varon,40 a 44,2010
66,17359.0,Tiene,varon,40 a 44,2010
66,20911.0,No tiene,mujer,40 a 44,2022
66,25265.0,Tiene,mujer,40 a 44,2022
66,29119.0,Tiene,varon,40 a 44,2022
66,21737.0,No tiene,varon,40 a 44,2022
66,11754.0,No tiene,mujer,45 a 49,2010
66,17988.0,Tiene,mujer,45 a 49,2010
66,12456.0,No tiene,varon,45 a 49,2010
66,16164.0,Tiene,varon,45 a 49,2010
66,22267.0,Tiene,mujer,45 a 49,2022
66,17810.0,No tiene,mujer,45 a 49,2022
66,26172.0,Tiene,varon,45 a 49,2022
66,17657.0,No tiene,varon,45 a 49,2022
66,31900.0,No tiene,mujer,5 a 9,2010
66,29265.0,Tiene,mujer,5 a 9,2010
66,34002.0,No tiene,varon,5 a 9,2010
66,29842.0,Tiene,varon,5 a 9,2010
66,35142.0,No tiene,varon,5 a 9,2022
66,35677.0,No tiene,mujer,5 a 9,2022
66,29807.0,Tiene,mujer,5 a 9,2022
66,29065.0,Tiene,varon,5 a 9,2022
66,13747.0,Tiene,varon,50 a 54,2010
66,17027.0,Tiene,mujer,50 a 54,2010
66,10989.0,No tiene,varon,50 a 54,2010
66,10454.0,No tiene,mujer,50 a 54,2010
66,22615.0,Tiene,varon,50 a 54,2022
66,14323.0,No tiene,mujer,50 a 54,2022
66,13733.0,No tiene,varon,50 a 54,2022
66,18633.0,Tiene,mujer,50 a 54,2022
66,9705.0,No tiene,varon,55 a 59,2010
66,12736.0,Tiene,varon,55 a 59,2010
66,15766.0,Tiene,mujer,55 a 59,2010
66,8398.0,No tiene,mujer,55 a 59,2010
66,12274.0,No tiene,mujer,55 a 59,2022
66,16910.0,Tiene,mujer,55 a 59,2022
66,11325.0,No tiene,varon,55 a 59,2022
66,20548.0,Tiene,varon,55 a 59,2022
66,15240.0,Tiene,mujer,60 a 64,2010
66,3974.0,No tiene,mujer,60 a 64,2010
66,10949.0,Tiene,varon,60 a 64,2010
66,6972.0,No tiene,varon,60 a 64,2010
66,9471.0,No tiene,mujer,60 a 64,2022
66,15075.0,Tiene,mujer,60 a 64,2022
66,21134.0,Tiene,varon,60 a 64,2022
66,6559.0,No tiene,varon,60 a 64,2022
66,1262.0,No tiene,mujer,65 a 69,2010
66,11506.0,Tiene,varon,65 a 69,2010
66,13801.0,Tiene,mujer,65 a 69,2010
66,2240.0,No tiene,varon,65 a 69,2010
66,4013.0,No tiene,mujer,65 a 69,2022
66,22012.0,Tiene,varon,65 a 69,2022
66,16944.0,Tiene,mujer,65 a 69,2022
66,2118.0,No tiene,varon,65 a 69,2022
66,942.0,No tiene,mujer,70 a 74,2010
66,1017.0,No tiene,varon,70 a 74,2010
66,9387.0,Tiene,varon,70 a 74,2010
66,10958.0,Tiene,mujer,70 a 74,2010
66,17968.0,Tiene,varon,70 a 74,2022
66,1190.0,No tiene,mujer,70 a 74,2022
66,1193.0,No tiene,varon,70 a 74,2022
66,14451.0,Tiene,mujer,70 a 74,2022
66,8502.0,Tiene,mujer,75 a 79,2010
66,6933.0,Tiene,varon,75 a 79,2010
66,707.0,No tiene,mujer,75 a 79,2010
66,610.0,No tiene,varon,75 a 79,2010
66,9387.0,Tiene,mujer,75 a 79,2022
66,12773.0,Tiene,varon,75 a 79,2022
66,527.0,No tiene,varon,75 a 79,2022
66,691.0,No tiene,mujer,75 a 79,2022
66,330.0,No tiene,varon,80 a 84,2010
66,3748.0,Tiene,varon,80 a 84,2010
66,376.0,No tiene,mujer,80 a 84,2010
66,5346.0,Tiene,mujer,80 a 84,2010
66,8272.0,Tiene,varon,80 a 84,2022
66,422.0,No tiene,varon,80 a 84,2022
66,347.0,No tiene,mujer,80 a 84,2022
66,5529.0,Tiene,mujer,80 a 84,2022
66,73.0,No tiene,varon,85 a 89,2010
66,1698.0,Tiene,varon,85 a 89,2010
66,2913.0,Tiene,mujer,85 a 89,2010
66,242.0,No tiene,mujer,85 a 89,2010
66,216.0,No tiene,varon,85 a 89,2022
66,195.0,No tiene,mujer,85 a 89,2022
66,2630.0,Tiene,mujer,85 a 89,2022
66,4661.0,Tiene,varon,85 a 89,2022
66,78.0,No tiene,mujer,90 a 94,2010
66,1131.0,Tiene,mujer,90 a 94,2010
66,420.0,Tiene,varon,90 a 94,2010
66,40.0,No tiene,varon,90 a 94,2010
66,183.0,No tiene,varon,90 a 94,2022
66,2166.0,Tiene,varon,90 a 94,2022
66,153.0,No tiene,mujer,90 a 94,2022
66,969.0,Tiene,mujer,90 a 94,2022
66,291.0,Tiene,mujer,95 a 99,2010
66,5.0,No tiene,varon,95 a 99,2010
66,7.0,No tiene,mujer,95 a 99,2010
66,83.0,Tiene,varon,95 a 99,2010
66,248.0,Tiene,mujer,95 a 99,2022
66,126.0,No tiene,varon,95 a 99,2022
66,590.0,Tiene,varon,95 a 99,2022
66,103.0,No tiene,mujer,95 a 99,2022
70,17590.0,No tiene,varon,0 a 4,2010
70,17013.0,No tiene,mujer,0 a 4,2010
70,14798.0,Tiene,mujer,0 a 4,2010
70,16219.0,Tiene,varon,0 a 4,2010
70,12912.0,Tiene,varon,0 a 4,2022
70,16778.0,No tiene,mujer,0 a 4,2022
70,13553.0,Tiene,mujer,0 a 4,2022
70,16321.0,No tiene,varon,0 a 4,2022
70,15777.0,No tiene,varon,10 a 14,2010
70,15716.0,No tiene,mujer,10 a 14,2010
70,16263.0,Tiene,varon,10 a 14,2010
70,16546.0,Tiene,mujer,10 a 14,2010
70,17400.0,No tiene,mujer,10 a 14,2022
70,13640.0,No tiene,varon,10 a 14,2022
70,18514.0,Tiene,mujer,10 a 14,2022
70,17576.0,Tiene,varon,10 a 14,2022
70,12.0,Tiene,varon,100 y más,2010
70,3.0,Tiene,mujer,100 y más,2010
70,,No tiene,varon,100 y más,2010
70,2.0,No tiene,mujer,100 y más,2010
70,41.0,Tiene,varon,100 y más,2022
70,3.0,No tiene,varon,100 y más,2022
70,9.0,Tiene,mujer,100 y más,2022
70,1.0,No tiene,mujer,100 y más,2022
70,16342.0,Tiene,mujer,15 a 19,2010
70,15519.0,No tiene,mujer,15 a 19,2010
70,16116.0,Tiene,varon,15 a 19,2010
70,16035.0,No tiene,varon,15 a 19,2010
70,17476.0,Tiene,mujer,15 a 19,2022
70,17491.0,No tiene,varon,15 a 19,2022
70,16906.0,Tiene,varon,15 a 19,2022
70,18115.0,No tiene,mujer,15 a 19,2022
70,11156.0,Tiene,mujer,20 a 24,2010
70,16001.0,No tiene,mujer,20 a 24,2010
70,10144.0,Tiene,varon,20 a 24,2010
70,17225.0,No tiene,varon,20 a 24,2010
70,11196.0,Tiene,mujer,20 a 24,2022
70,11400.0,Tiene,varon,20 a 24,2022
70,21718.0,No tiene,varon,20 a 24,2022
70,21797.0,No tiene,mujer,20 a 24,2022
70,14407.0,No tiene,varon,25 a 29,2010
70,11770.0,Tiene,mujer,25 a 29,2010
70,10982.0,Tiene,varon,25 a 29,2010
70,11161.0,No tiene,mujer,25 a 29,2010
70,12459.0,Tiene,varon,25 a 29,2022
70,11585.0,Tiene,mujer,25 a 29,2022
70,20159.0,No tiene,varon,25 a 29,2022
70,19903.0,No tiene,mujer,25 a 29,2022
70,12024.0,No tiene,mujer,30 a 34,2010
70,12196.0,No tiene,varon,30 a 34,2010
70,13130.0,Tiene,varon,30 a 34,2010
70,13590.0,Tiene,mujer,30 a 34,2010
70,13907.0,Tiene,mujer,30 a 34,2022
70,15113.0,Tiene,varon,30 a 34,2022
70,15515.0,No tiene,mujer,30 a 34,2022
70,15007.0,No tiene,varon,30 a 34,2022
70,9484.0,No tiene,mujer,35 a 39,2010
70,9635.0,No tiene,varon,35 a 39,2010
70,13339.0,Tiene,mujer,35 a 39,2010
70,12162.0,Tiene,varon,35 a 39,2010
70,12402.0,No tiene,varon,35 a 39,2022
70,12352.0,No tiene,mujer,35 a 39,2022
70,15524.0,Tiene,varon,35 a 39,2022
70,14539.0,Tiene,mujer,35 a 39,2022
70,7286.0,No tiene,mujer,40 a 44,2010
70,7345.0,No tiene,varon,40 a 44,2010
70,10482.0,Tiene,varon,40 a 44,2010
70,11850.0,Tiene,mujer,40 a 44,2010
70,11994.0,No tiene,mujer,40 a 44,2022
70,16606.0,Tiene,varon,40 a 44,2022
70,15310.0,Tiene,mujer,40 a 44,2022
70,11665.0,No tiene,varon,40 a 44,2022
70,11036.0,Tiene,mujer,45 a 49,2010
70,6626.0,No tiene,varon,45 a 49,2010
70,9796.0,Tiene,varon,45 a 49,2010
70,6505.0,No tiene,mujer,45 a 49,2010
70,13646.0,Tiene,mujer,45 a 49,2022
70,10182.0,No tiene,varon,45 a 49,2022
70,10274.0,No tiene,mujer,45 a 49,2022
70,15541.0,Tiene,varon,45 a 49,2022
70,16138.0,Tiene,mujer,5 a 9,2010
70,16647.0,No tiene,varon,5 a 9,2010
70,16695.0,Tiene,varon,5 a 9,2010
70,15970.0,No tiene,mujer,5 a 9,2010
70,18908.0,No tiene,mujer,5 a 9,2022
70,17703.0,Tiene,mujer,5 a 9,2022
70,18725.0,No tiene,varon,5 a 9,2022
70,17007.0,Tiene,varon,5 a 9,2022
70,10970.0,Tiene,mujer,50 a 54,2010
70,8792.0,Tiene,varon,50 a 54,2010
70,6187.0,No tiene,varon,50 a 54,2010
70,5874.0,No tiene,mujer,50 a 54,2010
70,11534.0,Tiene,mujer,50 a 54,2022
70,8108.0,No tiene,varon,50 a 54,2022
70,7805.0,No tiene,mujer,50 a 54,2022
70,13563.0,Tiene,varon,50 a 54,2022
70,10915.0,Tiene,mujer,55 a 59,2010
70,8912.0,Tiene,varon,55 a 59,2010
70,5716.0,No tiene,varon,55 a 59,2010
70,5434.0,No tiene,mujer,55 a 59,2010
70,10177.0,Tiene,mujer,55 a 59,2022
70,6528.0,No tiene,varon,55 a 59,2022
70,12170.0,Tiene,varon,55 a 59,2022
70,6664.0,No tiene,mujer,55 a 59,2022
70,4607.0,No tiene,varon,60 a 64,2010
70,11029.0,Tiene,mujer,60 a 64,2010
70,7763.0,Tiene,varon,60 a 64,2010
70,2770.0,No tiene,mujer,60 a 64,2010
70,14493.0,Tiene,varon,60 a 64,2022
70,5195.0,No tiene,mujer,60 a 64,2022
70,3182.0,No tiene,varon,60 a 64,2022
70,9478.0,Tiene,mujer,60 a 64,2022
70,8138.0,Tiene,varon,65 a 69,2010
70,576.0,No tiene,mujer,65 a 69,2010
70,10784.0,Tiene,mujer,65 a 69,2010
70,1435.0,No tiene,varon,65 a 69,2010
70,15064.0,Tiene,varon,65 a 69,2022
70,1842.0,No tiene,mujer,65 a 69,2022
70,786.0,No tiene,varon,65 a 69,2022
70,11350.0,Tiene,mujer,65 a 69,2022
70,5826.0,Tiene,varon,70 a 74,2010
70,407.0,No tiene,mujer,70 a 74,2010
70,8246.0,Tiene,mujer,70 a 74,2010
70,480.0,No tiene,varon,70 a 74,2010
70,263.0,No tiene,varon,70 a 74,2022
70,10236.0,Tiene,mujer,70 a 74,2022
70,432.0,No tiene,mujer,70 a 74,2022
70,13285.0,Tiene,varon,70 a 74,2022
70,4210.0,Tiene,varon,75 a 79,2010
70,409.0,No tiene,varon,75 a 79,2010
70,6222.0,Tiene,mujer,75 a 79,2010
70,369.0,No tiene,mujer,75 a 79,2010
70,210.0,No tiene,varon,75 a 79,2022
70,9775.0,Tiene,varon,75 a 79,2022
70,6841.0,Tiene,mujer,75 a 79,2022
70,195.0,No tiene,mujer,75 a 79,2022
70,167.0,No tiene,mujer,80 a 84,2010
70,2648.0,Tiene,varon,80 a 84,2010
70,4360.0,Tiene,mujer,80 a 84,2010
70,112.0,No tiene,varon,80 a 84,2010
70,122.0,No tiene,mujer,80 a 84,2022
70,5876.0,Tiene,varon,80 a 84,2022
70,3612.0,Tiene,mujer,80 a 84,2022
70,110.0,No tiene,varon,80 a 84,2022
70,39.0,No tiene,varon,85 a 89,2010
70,1040.0,Tiene,varon,85 a 89,2010
70,34.0,No tiene,mujer,85 a 89,2010
70,2192.0,Tiene,mujer,85 a 89,2010
70,3264.0,Tiene,varon,85 a 89,2022
70,70.0,No tiene,varon,85 a 89,2022
70,1570.0,Tiene,mujer,85 a 89,2022
70,77.0,No tiene,mujer,85 a 89,2022
70,271.0,Tiene,varon,90 a 94,2010
70,12.0,No tiene,varon,90 a 94,2010
70,27.0,No tiene,mujer,90 a 94,2010
70,646.0,Tiene,mujer,90 a 94,2010
70,46.0,No tiene,varon,90 a 94,2022
70,1329.0,Tiene,varon,90 a 94,2022
70,591.0,Tiene,mujer,90 a 94,2022
70,67.0,No tiene,mujer,90 a 94,2022
70,52.0,Tiene,varon,95 a 99,2010
70,13.0,No tiene,mujer,95 a 99,2010
70,165.0,Tiene,mujer,95 a 99,2010
70,12.0,No tiene,varon,95 a 99,2010
70,78.0,Tiene,mujer,95 a 99,2022
70,325.0,Tiene,varon,95 a 99,2022
70,23.0,No tiene,mujer,95 a 99,2022
70,22.0,No tiene,varon,95 a 99,2022
74,8721.0,No tiene,varon,0 a 4,2010
74,8711.0,No tiene,mujer,0 a 4,2010
74,10543.0,Tiene,varon,0 a 4,2010
74,9943.0,Tiene,mujer,0 a 4,2010
74,9013.0,Tiene,varon,0 a 4,2022
74,7522.0,No tiene,varon,0 a 4,2022
74,7780.0,No tiene,mujer,0 a 4,2022
74,9301.0,Tiene,mujer,0 a 4,2022
74,10636.0,No tiene,varon,10 a 14,2010
74,10257.0,Tiene,mujer,10 a 14,2010
74,10269.0,No tiene,mujer,10 a 14,2010
74,11258.0,Tiene,varon,10 a 14,2010
74,8670.0,No tiene,varon,10 a 14,2022
74,8685.0,No tiene,mujer,10 a 14,2022
74,13364.0,Tiene,varon,10 a 14,2022
74,14111.0,Tiene,mujer,10 a 14,2022
74,11.0,Tiene,varon,100 y más,2010
74,18.0,Tiene,mujer,100 y más,2010
74,,No tiene,mujer,100 y más,2022
74,32.0,Tiene,varon,100 y más,2022
74,7.0,Tiene,mujer,100 y más,2022
74,1.0,No tiene,varon,100 y más,2022
74,9853.0,No tiene,mujer,15 a 19,2010
74,9361.0,Tiene,mujer,15 a 19,2010
74,10653.0,No tiene,varon,15 a 19,2010
74,9383.0,Tiene,varon,15 a 19,2010
74,9912.0,No tiene,varon,15 a 19,2022
74,12830.0,Tiene,mujer,15 a 19,2022
74,10311.0,No tiene,mujer,15 a 19,2022
74,13083.0,Tiene,varon,15 a 19,2022
74,6949.0,Tiene,varon,20 a 24,2010
74,9522.0,No tiene,mujer,20 a 24,2010
74,9466.0,No tiene,varon,20 a 24,2010
74,7763.0,Tiene,mujer,20 a 24,2010
74,12743.0,No tiene,varon,20 a 24,2022
74,9113.0,Tiene,varon,20 a 24,2022
74,13594.0,No tiene,mujer,20 a 24,2022
74,8241.0,Tiene,mujer,20 a 24,2022
74,8866.0,Tiene,varon,25 a 29,2010
74,6931.0,No tiene,mujer,25 a 29,2010
74,9515.0,Tiene,mujer,25 a 29,2010
74,7152.0,No tiene,varon,25 a 29,2010
74,9749.0,Tiene,varon,25 a 29,2022
74,12159.0,No tiene,varon,25 a 29,2022
74,9386.0,Tiene,mujer,25 a 29,2022
74,11964.0,No tiene,mujer,25 a 29,2022
74,6064.0,No tiene,varon,30 a 34,2010
74,10627.0,Tiene,varon,30 a 34,2010
74,5616.0,No tiene,mujer,30 a 34,2010
74,10682.0,Tiene,mujer,30 a 34,2010
74,8914.0,No tiene,varon,30 a 34,2022
74,11947.0,Tiene,varon,30 a 34,2022
74,9082.0,No tiene,mujer,30 a 34,2022
74,10610.0,Tiene,mujer,30 a 34,2022
74,9720.0,Tiene,mujer,35 a 39,2010
74,5407.0,No tiene,varon,35 a 39,2010
74,8907.0,Tiene,varon,35 a 39,2010
74,4948.0,No tiene,mujer,35 a 39,2010
74,6087.0,No tiene,varon,35 a 39,2022
74,11508.0,Tiene,mujer,35 a 39,2022
74,6891.0,No tiene,mujer,35 a 39,2022
74,13397.0,Tiene,varon,35 a 39,2022
74,7787.0,Tiene,mujer,40 a 44,2010
74,7304.0,Tiene,varon,40 a 44,2010
74,4979.0,No tiene,varon,40 a 44,2010
74,4353.0,No tiene,mujer,40 a 44,2010
74,12768.0,Tiene,mujer,40 a 44,2022
74,6744.0,No tiene,mujer,40 a 44,2022
74,14760.0,Tiene,varon,40 a 44,2022
74,4795.0,No tiene,varon,40 a 44,2022
74,4910.0,No tiene,varon,45 a 49,2010
74,3022.0,No tiene,mujer,45 a 49,2010
74,7033.0,Tiene,varon,45 a 49,2010
74,8175.0,Tiene,mujer,45 a 49,2010
74,12292.0,Tiene,varon,45 a 49,2022
74,5949.0,No tiene,mujer,45 a 49,2022
74,10351.0,Tiene,mujer,45 a 49,2022
74,4963.0,No tiene,varon,45 a 49,2022
74,10757.0,Tiene,varon,5 a 9,2010
74,9260.0,No tiene,mujer,5 a 9,2010
74,10925.0,Tiene,mujer,5 a 9,2010
74,9202.0,No tiene,varon,5 a 9,2010
74,12734.0,Tiene,mujer,5 a 9,2022
74,8846.0,No tiene,mujer,5 a 9,2022
74,11950.0,Tiene,varon,5 a 9,2022
74,8243.0,No tiene,varon,5 a 9,2022
74,7219.0,Tiene,mujer,50 a 54,2010
74,6173.0,Tiene,varon,50 a 54,2010
74,4283.0,No tiene,varon,50 a 54,2010
74,3434.0,No tiene,mujer,50 a 54,2010
74,5077.0,No tiene,mujer,50 a 54,2022
74,10298.0,Tiene,varon,50 a 54,2022
74,4228.0,No tiene,varon,50 a 54,2022
74,8954.0,Tiene,mujer,50 a 54,2022
74,5552.0,Tiene,varon,55 a 59,2010
74,3708.0,No tiene,varon,55 a 59,2010
74,2728.0,No tiene,mujer,55 a 59,2010
74,6764.0,Tiene,mujer,55 a 59,2010
74,3529.0,No tiene,varon,55 a 59,2022
74,9821.0,Tiene,varon,55 a 59,2022
74,4477.0,No tiene,mujer,55 a 59,2022
74,7978.0,Tiene,mujer,55 a 59,2022
74,1242.0,No tiene,mujer,60 a 64,2010
74,7275.0,Tiene,mujer,60 a 64,2010
74,2572.0,No tiene,varon,60 a 64,2010
74,5186.0,Tiene,varon,60 a 64,2010
74,1794.0,No tiene,varon,60 a 64,2022
74,7378.0,Tiene,mujer,60 a 64,2022
74,3436.0,No tiene,mujer,60 a 64,2022
74,9908.0,Tiene,varon,60 a 64,2022
74,375.0,No tiene,mujer,65 a 69,2010
74,821.0,No tiene,varon,65 a 69,2010
74,7111.0,Tiene,mujer,65 a 69,2010
74,5246.0,Tiene,varon,65 a 69,2010
74,1065.0,No tiene,mujer,65 a 69,2022
74,309.0,No tiene,varon,65 a 69,2022
74,8122.0,Tiene,mujer,65 a 69,2022
74,9810.0,Tiene,varon,65 a 69,2022
74,222.0,No tiene,varon,70 a 74,2010
74,4771.0,Tiene,mujer,70 a 74,2010
74,225.0,No tiene,mujer,70 a 74,2010
74,4075.0,Tiene,varon,70 a 74,2010
74,203.0,No tiene,mujer,70 a 74,2022
74,6798.0,Tiene,mujer,70 a 74,2022
74,103.0,No tiene,varon,70 a 74,2022
74,8163.0,Tiene,varon,70 a 74,2022
74,178.0,No tiene,mujer,75 a 79,2010
74,2729.0,Tiene,varon,75 a 79,2010
74,140.0,No tiene,varon,75 a 79,2010
74,3774.0,Tiene,mujer,75 a 79,2010
74,6148.0,Tiene,varon,75 a 79,2022
74,100.0,No tiene,mujer,75 a 79,2022
74,4649.0,Tiene,mujer,75 a 79,2022
74,60.0,No tiene,varon,75 a 79,2022
74,105.0,No tiene,mujer,80 a 84,2010
74,86.0,No tiene,varon,80 a 84,2010
74,1707.0,Tiene,varon,80 a 84,2010
74,2673.0,Tiene,mujer,80 a 84,2010
74,46.0,No tiene,mujer,80 a 84,2022
74,2373.0,Tiene,mujer,80 a 84,2022
74,43.0,No tiene,varon,80 a 84,2022
74,3781.0,Tiene,varon,80 a 84,2022
74,700.0,Tiene,varon,85 a 89,2010
74,1181.0,Tiene,mujer,85 a 89,2010
74,20.0,No tiene,varon,85 a 89,2010
74,66.0,No tiene,mujer,85 a 89,2010
74,2045.0,Tiene,varon,85 a 89,2022
74,28.0,No tiene,mujer,85 a 89,2022
74,1070.0,Tiene,mujer,85 a 89,2022
74,46.0,No tiene,varon,85 a 89,2022
74,145.0,Tiene,varon,90 a 94,2010
74,549.0,Tiene,mujer,90 a 94,2010
74,16.0,No tiene,varon,90 a 94,2010
74,46.0,No tiene,mujer,90 a 94,2010
74,371.0,Tiene,mujer,90 a 94,2022
74,30.0,No tiene,varon,90 a 94,2022
74,918.0,Tiene,varon,90 a 94,2022
74,23.0,No tiene,mujer,90 a 94,2022
74,11.0,No tiene,mujer,95 a 99,2010
74,1.0,No tiene,varon,95 a 99,2010
74,36.0,Tiene,varon,95 a 99,2010
74,118.0,Tiene,mujer,95 a 99,2010
74,12.0,No tiene,mujer,95 a 99,2022
74,67.0,Tiene,mujer,95 a 99,2022
74,268.0,Tiene,varon,95 a 99,2022
74,12.0,No tiene,varon,95 a 99,2022
78,2105.0,No tiene,varon,0 a 4,2010
78,2262.0,No tiene,mujer,0 a 4,2010
78,11277.0,Tiene,varon,0 a 4,2010
78,10307.0,Tiene,mujer,0 a 4,2010
78,1759.0,No tiene,mujer,0 a 4,2022
78,1804.0,No tiene,varon,0 a 4,2022
78,9095.0,Tiene,varon,0 a 4,2022
78,9400.0,Tiene,mujer,0 a 4,2022
78,10808.0,Tiene,mujer,10 a 14,2010
78,10773.0,Tiene,varon,10 a 14,2010
78,1589.0,No tiene,mujer,10 a 14,2010
78,1559.0,No tiene,varon,10 a 14,2010
78,1853.0,No tiene,mujer,10 a 14,2022
78,13387.0,Tiene,mujer,10 a 14,2022
78,12731.0,Tiene,varon,10 a 14,2022
78,1844.0,No tiene,varon,10 a 14,2022
78,1.0,Tiene,varon,100 y más,2010
78,,Tiene,mujer,100 y más,2010
78,1.0,No tiene,mujer,100 y más,2022
78,,No tiene,varon,100 y más,2022
78,9.0,Tiene,varon,100 y más,2022
78,1.0,Tiene,mujer,100 y más,2022
78,2607.0,No tiene,varon,15 a 19,2010
78,10069.0,Tiene,varon,15 a 19,2010
78,2142.0,No tiene,mujer,15 a 19,2010
78,9454.0,Tiene,mujer,15 a 19,2010
78,11157.0,Tiene,varon,15 a 19,2022
78,2093.0,No tiene,varon,15 a 19,2022
78,11489.0,Tiene,mujer,15 a 19,2022
78,2280.0,No tiene,mujer,15 a 19,2022
78,7023.0,Tiene,varon,20 a 24,2010
78,3328.0,No tiene,mujer,20 a 24,2010
78,4022.0,No tiene,varon,20 a 24,2010
78,7568.0,Tiene,mujer,20 a 24,2010
78,5118.0,No tiene,mujer,20 a 24,2022
78,7577.0,Tiene,varon,20 a 24,2022
78,6856.0,Tiene,mujer,20 a 24,2022
78,4176.0,No tiene,varon,20 a 24,2022
78,2544.0,No tiene,mujer,25 a 29,2010
78,9438.0,Tiene,mujer,25 a 29,2010
78,9754.0,Tiene,varon,25 a 29,2010
78,2873.0,No tiene,varon,25 a 29,2010
78,4753.0,No tiene,mujer,25 a 29,2022
78,8953.0,Tiene,mujer,25 a 29,2022
78,9741.0,Tiene,varon,25 a 29,2022
78,3932.0,No tiene,varon,25 a 29,2022
78,1761.0,No tiene,mujer,30 a 34,2010
78,10609.0,Tiene,varon,30 a 34,2010
78,9938.0,Tiene,mujer,30 a 34,2010
78,2294.0,No tiene,varon,30 a 34,2010
78,12325.0,Tiene,varon,30 a 34,2022
78,10827.0,Tiene,mujer,30 a 34,2022
78,3314.0,No tiene,mujer,30 a 34,2022
78,2710.0,No tiene,varon,30 a 34,2022
78,1721.0,No tiene,varon,35 a 39,2010
78,8462.0,Tiene,mujer,35 a 39,2010
78,1372.0,No tiene,mujer,35 a 39,2010
78,9030.0,Tiene,varon,35 a 39,2010
78,11318.0,Tiene,mujer,35 a 39,2022
78,1969.0,No tiene,varon,35 a 39,2022
78,12282.0,Tiene,varon,35 a 39,2022
78,2462.0,No tiene,mujer,35 a 39,2022
78,1369.0,No tiene,varon,40 a 44,2010
78,6939.0,Tiene,mujer,40 a 44,2010
78,6933.0,Tiene,varon,40 a 44,2010
78,982.0,No tiene,mujer,40 a 44,2010
78,1726.0,No tiene,varon,40 a 44,2022
78,2103.0,No tiene,mujer,40 a 44,2022
78,11747.0,Tiene,varon,40 a 44,2022
78,11177.0,Tiene,mujer,40 a 44,2022
78,6751.0,Tiene,varon,45 a 49,2010
78,813.0,No tiene,mujer,45 a 49,2010
78,689.0,No tiene,varon,45 a 49,2010
78,6370.0,Tiene,mujer,45 a 49,2010
78,1699.0,No tiene,mujer,45 a 49,2022
78,9613.0,Tiene,varon,45 a 49,2022
78,9048.0,Tiene,mujer,45 a 49,2022
78,1366.0,No tiene,varon,45 a 49,2022
78,1648.0,No tiene,mujer,5 a 9,2010
78,9072.0,Tiene,mujer,5 a 9,2010
78,1738.0,No tiene,varon,5 a 9,2010
78,10827.0,Tiene,varon,5 a 9,2010
78,1995.0,No tiene,mujer,5 a 9,2022
78,13061.0,Tiene,mujer,5 a 9,2022
78,1982.0,No tiene,varon,5 a 9,2022
78,12715.0,Tiene,varon,5 a 9,2022
78,5359.0,Tiene,mujer,50 a 54,2010
78,1106.0,No tiene,varon,50 a 54,2010
78,772.0,No tiene,mujer,50 a 54,2010
78,5808.0,Tiene,varon,50 a 54,2010
78,1022.0,No tiene,varon,50 a 54,2022
78,7161.0,Tiene,mujer,50 a 54,2022
78,7778.0,Tiene,varon,50 a 54,2022
78,1307.0,No tiene,mujer,50 a 54,2022
78,4158.0,Tiene,mujer,55 a 59,2010
78,4368.0,Tiene,varon,55 a 59,2010
78,889.0,No tiene,varon,55 a 59,2010
78,628.0,No tiene,mujer,55 a 59,2010
78,835.0,No tiene,varon,55 a 59,2022
78,6811.0,Tiene,varon,55 a 59,2022
78,5046.0,Tiene,mujer,55 a 59,2022
78,1072.0,No tiene,mujer,55 a 59,2022
78,368.0,No tiene,mujer,60 a 64,2010
78,3164.0,Tiene,varon,60 a 64,2010
78,3206.0,Tiene,mujer,60 a 64,2010
78,724.0,No tiene,varon,60 a 64,2010
78,5763.0,Tiene,varon,60 a 64,2022
78,552.0,No tiene,mujer,60 a 64,2022
78,348.0,No tiene,varon,60 a 64,2022
78,5266.0,Tiene,mujer,60 a 64,2022
78,272.0,No tiene,varon,65 a 69,2010
78,2431.0,Tiene,varon,65 a 69,2010
78,156.0,No tiene,mujer,65 a 69,2010
78,2574.0,Tiene,mujer,65 a 69,2010
78,4275.0,Tiene,mujer,65 a 69,2022
78,232.0,No tiene,mujer,65 a 69,2022
78,118.0,No tiene,varon,65 a 69,2022
78,4994.0,Tiene,varon,65 a 69,2022
78,1867.0,Tiene,mujer,70 a 74,2010
78,1619.0,Tiene,varon,70 a 74,2010
78,113.0,No tiene,varon,70 a 74,2010
78,40.0,No tiene,mujer,70 a 74,2010
78,2800.0,Tiene,mujer,70 a 74,2022
78,47.0,No tiene,varon,70 a 74,2022
78,57.0,No tiene,mujer,70 a 74,2022
78,3389.0,Tiene,varon,70 a 74,2022
78,1012.0,Tiene,varon,75 a 79,2010
78,48.0,No tiene,mujer,75 a 79,2010
78,1249.0,Tiene,mujer,75 a 79,2010
78,79.0,No tiene,varon,75 a 79,2010
78,36.0,No tiene,varon,75 a 79,2022
78,1755.0,Tiene,mujer,75 a 79,2022
78,2417.0,Tiene,varon,75 a 79,2022
78,39.0,No tiene,mujer,75 a 79,2022
78,35.0,No tiene,varon,80 a 84,2010
78,26.0,No tiene,mujer,80 a 84,2010
78,505.0,Tiene,varon,80 a 84,2010
78,804.0,Tiene,mujer,80 a 84,2010
78,29.0,No tiene,varon,80 a 84,2022
78,1058.0,Tiene,mujer,80 a 84,2022
78,25.0,No tiene,mujer,80 a 84,2022
78,1549.0,Tiene,varon,80 a 84,2022
78,15.0,No tiene,mujer,85 a 89,2010
78,370.0,Tiene,mujer,85 a 89,2010
78,6.0,No tiene,varon,85 a 89,2010
78,255.0,Tiene,varon,85 a 89,2010
78,21.0,No tiene,varon,85 a 89,2022
78,10.0,No tiene,mujer,85 a 89,2022
78,452.0,Tiene,mujer,85 a 89,2022
78,794.0,Tiene,varon,85 a 89,2022
78,126.0,Tiene,mujer,90 a 94,2010
78,48.0,Tiene,varon,90 a 94,2010
78,1.0,No tiene,varon,90 a 94,2010
78,8.0,No tiene,mujer,90 a 94,2010
78,153.0,Tiene,mujer,90 a 94,2022
78,326.0,Tiene,varon,90 a 94,2022
78,13.0,No tiene,varon,90 a 94,2022
78,6.0,No tiene,mujer,90 a 94,2022
78,15.0,Tiene,varon,95 a 99,2010
78,1.0,No tiene,varon,95 a 99,2010
78,11.0,Tiene,mujer,95 a 99,2010
78,1.0,No tiene,mujer,95 a 99,2010
78,5.0,No tiene,varon,95 a 99,2022
78,47.0,Tiene,mujer,95 a 99,2022
78,75.0,Tiene,varon,95 a 99,2022
78,6.0,No tiene,mujer,95 a 99,2022
82,49268.0,No tiene,mujer,0 a 4,2010
82,51929.0,No tiene,varon,0 a 4,2010
82,71311.0,Tiene,mujer,0 a 4,2010
82,73382.0,Tiene,varon,0 a 4,2010
82,65243.0,Tiene,mujer,0 a 4,2022
82,44957.0,No tiene,mujer,0 a 4,2022
82,43767.0,No tiene,varon,0 a 4,2022
82,63791.0,Tiene,varon,0 a 4,2022
82,73006.0,Tiene,mujer,10 a 14,2010
82,56243.0,No tiene,varon,10 a 14,2010
82,55027.0,No tiene,mujer,10 a 14,2010
82,75895.0,Tiene,varon,10 a 14,2010
82,82074.0,Tiene,mujer,10 a 14,2022
82,50776.0,No tiene,mujer,10 a 14,2022
82,78819.0,Tiene,varon,10 a 14,2022
82,49036.0,No tiene,varon,10 a 14,2022
82,12.0,No tiene,mujer,100 y más,2010
82,85.0,Tiene,varon,100 y más,2010
82,1.0,No tiene,varon,100 y más,2010
82,234.0,Tiene,mujer,100 y más,2010
82,10.0,No tiene,mujer,100 y más,2022
82,259.0,Tiene,varon,100 y más,2022
82,70.0,Tiene,mujer,100 y más,2022
82,19.0,No tiene,varon,100 y más,2022
82,58334.0,No tiene,mujer,15 a 19,2010
82,78211.0,Tiene,varon,15 a 19,2010
82,78649.0,Tiene,mujer,15 a 19,2010
82,58580.0,No tiene,varon,15 a 19,2010
82,79676.0,Tiene,mujer,15 a 19,2022
82,78032.0,Tiene,varon,15 a 19,2022
82,51687.0,No tiene,mujer,15 a 19,2022
82,50742.0,No tiene,varon,15 a 19,2022
82,76377.0,Tiene,mujer,20 a 24,2010
82,56964.0,No tiene,varon,20 a 24,2010
82,57796.0,No tiene,mujer,20 a 24,2010
82,76398.0,Tiene,varon,20 a 24,2010
82,62618.0,No tiene,varon,20 a 24,2022
82,68987.0,Tiene,mujer,20 a 24,2022
82,66955.0,Tiene,varon,20 a 24,2022
82,57184.0,No tiene,mujer,20 a 24,2022
82,82077.0,Tiene,varon,25 a 29,2010
82,46646.0,No tiene,varon,25 a 29,2010
82,81503.0,Tiene,mujer,25 a 29,2010
82,48031.0,No tiene,mujer,25 a 29,2010
82,61921.0,No tiene,varon,25 a 29,2022
82,55235.0,No tiene,mujer,25 a 29,2022
82,75334.0,Tiene,mujer,25 a 29,2022
82,76667.0,Tiene,varon,25 a 29,2022
82,83946.0,Tiene,varon,30 a 34,2010
82,40632.0,No tiene,mujer,30 a 34,2010
82,40487.0,No tiene,varon,30 a 34,2010
82,86642.0,Tiene,mujer,30 a 34,2010
82,49984.0,No tiene,varon,30 a 34,2022
82,46921.0,No tiene,mujer,30 a 34,2022
82,89645.0,Tiene,varon,30 a 34,2022
82,84230.0,Tiene,mujer,30 a 34,2022
82,31464.0,No tiene,mujer,35 a 39,2010
82,73016.0,Tiene,mujer,35 a 39,2010
82,69695.0,Tiene,varon,35 a 39,2010
82,31255.0,No tiene,varon,35 a 39,2010
82,89114.0,Tiene,mujer,35 a 39,2022
82,39583.0,No tiene,mujer,35 a 39,2022
82,40554.0,No tiene,varon,35 a 39,2022
82,93622.0,Tiene,varon,35 a 39,2022
82,62602.0,Tiene,varon,40 a 44,2010
82,65050.0,Tiene,mujer,40 a 44,2010
82,27051.0,No tiene,varon,40 a 44,2010
82,26988.0,No tiene,mujer,40 a 44,2010
82,91491.0,Tiene,mujer,40 a 44,2022
82,37330.0,No tiene,mujer,40 a 44,2022
82,38595.0,No tiene,varon,40 a 44,2022
82,96838.0,Tiene,varon,40 a 44,2022
82,24896.0,No tiene,mujer,45 a 49,2010
82,64554.0,Tiene,mujer,45 a 49,2010
82,60584.0,Tiene,varon,45 a 49,2010
82,25814.0,No tiene,varon,45 a 49,2010
82,75900.0,Tiene,mujer,45 a 49,2022
82,29970.0,No tiene,mujer,45 a 49,2022
82,30273.0,No tiene,varon,45 a 49,2022
82,82374.0,Tiene,varon,45 a 49,2022
82,71494.0,Tiene,mujer,5 a 9,2010
82,53890.0,No tiene,varon,5 a 9,2010
82,51481.0,No tiene,mujer,5 a 9,2010
82,74488.0,Tiene,varon,5 a 9,2010
82,51681.0,No tiene,varon,5 a 9,2022
82,53142.0,No tiene,mujer,5 a 9,2022
82,82515.0,Tiene,mujer,5 a 9,2022
82,80145.0,Tiene,varon,5 a 9,2022
82,56215.0,Tiene,varon,50 a 54,2010
82,22283.0,No tiene,mujer,50 a 54,2010
82,63321.0,Tiene,mujer,50 a 54,2010
82,23811.0,No tiene,varon,50 a 54,2010
82,72265.0,Tiene,varon,50 a 54,2022
82,25539.0,No tiene,mujer,50 a 54,2022
82,63548.0,Tiene,mujer,50 a 54,2022
82,25047.0,No tiene,varon,50 a 54,2022
82,18300.0,No tiene,mujer,55 a 59,2010
82,53896.0,Tiene,varon,55 a 59,2010
82,61590.0,Tiene,mujer,55 a 59,2010
82,21994.0,No tiene,varon,55 a 59,2010
82,60833.0,Tiene,mujer,55 a 59,2022
82,22859.0,No tiene,mujer,55 a 59,2022
82,70352.0,Tiene,varon,55 a 59,2022
82,21724.0,No tiene,varon,55 a 59,2022
82,65188.0,Tiene,mujer,60 a 64,2010
82,6769.0,No tiene,mujer,60 a 64,2010
82,46683.0,Tiene,varon,60 a 64,2010
82,15753.0,No tiene,varon,60 a 64,2010
82,57028.0,Tiene,mujer,60 a 64,2022
82,17816.0,No tiene,mujer,60 a 64,2022
82,76146.0,Tiene,varon,60 a 64,2022
82,9320.0,No tiene,varon,60 a 64,2022
82,3778.0,No tiene,varon,65 a 69,2010
82,1659.0,No tiene,mujer,65 a 69,2010
82,46038.0,Tiene,varon,65 a 69,2010
82,58566.0,Tiene,mujer,65 a 69,2010
82,5130.0,No tiene,mujer,65 a 69,2022
82,2122.0,No tiene,varon,65 a 69,2022
82,59917.0,Tiene,mujer,65 a 69,2022
82,74423.0,Tiene,varon,65 a 69,2022
82,51737.0,Tiene,mujer,70 a 74,2010
82,994.0,No tiene,mujer,70 a 74,2010
82,37521.0,Tiene,varon,70 a 74,2010
82,1072.0,No tiene,varon,70 a 74,2010
82,1103.0,No tiene,mujer,70 a 74,2022
82,50259.0,Tiene,mujer,70 a 74,2022
82,65150.0,Tiene,varon,70 a 74,2022
82,1193.0,No tiene,varon,70 a 74,2022
82,43351.0,Tiene,mujer,75 a 79,2010
82,27048.0,Tiene,varon,75 a 79,2010
82,755.0,No tiene,mujer,75 a 79,2010
82,696.0,No tiene,varon,75 a 79,2010
82,34412.0,Tiene,mujer,75 a 79,2022
82,656.0,No tiene,varon,75 a 79,2022
82,599.0,No tiene,mujer,75 a 79,2022
82,50584.0,Tiene,varon,75 a 79,2022
82,335.0,No tiene,varon,80 a 84,2010
82,33796.0,Tiene,mujer,80 a 84,2010
82,17330.0,Tiene,varon,80 a 84,2010
82,604.0,No tiene,mujer,80 a 84,2010
82,20440.0,Tiene,mujer,80 a 84,2022
82,445.0,No tiene,varon,80 a 84,2022
82,342.0,No tiene,mujer,80 a 84,2022
82,35212.0,Tiene,varon,80 a 84,2022
82,207.0,No tiene,mujer,85 a 89,2010
82,95.0,No tiene,varon,85 a 89,2010
82,8413.0,Tiene,varon,85 a 89,2010
82,20026.0,Tiene,mujer,85 a 89,2010
82,257.0,No tiene,varon,85 a 89,2022
82,143.0,No tiene,mujer,85 a 89,2022
82,9513.0,Tiene,mujer,85 a 89,2022
82,20199.0,Tiene,varon,85 a 89,2022
82,2289.0,Tiene,varon,90 a 94,2010
82,7295.0,Tiene,mujer,90 a 94,2010
82,151.0,No tiene,mujer,90 a 94,2010
82,43.0,No tiene,varon,90 a 94,2010
82,3312.0,Tiene,mujer,90 a 94,2022
82,8964.0,Tiene,varon,90 a 94,2022
82,210.0,No tiene,varon,90 a 94,2022
82,175.0,No tiene,mujer,90 a 94,2022
82,385.0,Tiene,varon,95 a 99,2010
82,32.0,No tiene,mujer,95 a 99,2010
82,5.0,No tiene,varon,95 a 99,2010
82,1745.0,Tiene,mujer,95 a 99,2010
82,111.0,No tiene,mujer,95 a 99,2022
82,2246.0,Tiene,varon,95 a 99,2022
82,680.0,Tiene,mujer,95 a 99,2022
82,131.0,No tiene,varon,95 a 99,2022
86,13336.0,Tiene,varon,0 a 4,2010
86,13684.0,Tiene,mujer,0 a 4,2010
86,28513.0,No tiene,mujer,0 a 4,2010
86,29122.0,No tiene,varon,0 a 4,2010
86,11784.0,Tiene,mujer,0 a 4,2022
86,11169.0,Tiene,varon,0 a 4,2022
86,29128.0,No tiene,mujer,0 a 4,2022
86,28611.0,No tiene,varon,0 a 4,2022
86,29842.0,No tiene,mujer,10 a 14,2010
86,19285.0,Tiene,mujer,10 a 14,2010
86,19030.0,Tiene,varon,10 a 14,2010
86,31827.0,No tiene,varon,10 a 14,2010
86,17287.0,Tiene,mujer,10 a 14,2022
86,30722.0,No tiene,mujer,10 a 14,2022
86,30260.0,No tiene,varon,10 a 14,2022
86,16827.0,Tiene,varon,10 a 14,2022
86,3.0,No tiene,mujer,100 y más,2010
86,19.0,Tiene,varon,100 y más,2010
86,38.0,Tiene,mujer,100 y más,2010
86,6.0,No tiene,varon,100 y más,2010
86,69.0,Tiene,varon,100 y más,2022
86,3.0,No tiene,mujer,100 y más,2022
86,7.0,No tiene,varon,100 y más,2022
86,25.0,Tiene,mujer,100 y más,2022
86,28257.0,No tiene,varon,15 a 19,2010
86,16831.0,Tiene,varon,15 a 19,2010
86,17907.0,Tiene,mujer,15 a 19,2010
86,27371.0,No tiene,mujer,15 a 19,2010
86,30442.0,No tiene,varon,15 a 19,2022
86,31134.0,No tiene,mujer,15 a 19,2022
86,15538.0,Tiene,mujer,15 a 19,2022
86,15272.0,Tiene,varon,15 a 19,2022
86,9289.0,Tiene,varon,20 a 24,2010
86,24258.0,No tiene,mujer,20 a 24,2010
86,25679.0,No tiene,varon,20 a 24,2010
86,10438.0,Tiene,mujer,20 a 24,2010
86,10859.0,Tiene,varon,20 a 24,2022
86,10435.0,Tiene,mujer,20 a 24,2022
86,35317.0,No tiene,mujer,20 a 24,2022
86,36904.0,No tiene,varon,20 a 24,2022
86,9608.0,Tiene,varon,25 a 29,2010
86,21972.0,No tiene,varon,25 a 29,2010
86,23090.0,No tiene,mujer,25 a 29,2010
86,9959.0,Tiene,mujer,25 a 29,2010
86,31737.0,No tiene,mujer,25 a 29,2022
86,11630.0,Tiene,varon,25 a 29,2022
86,34525.0,No tiene,varon,25 a 29,2022
86,12325.0,Tiene,mujer,25 a 29,2022
86,13166.0,Tiene,mujer,30 a 34,2010
86,12571.0,Tiene,varon,30 a 34,2010
86,19276.0,No tiene,varon,30 a 34,2010
86,20050.0,No tiene,mujer,30 a 34,2010
86,15482.0,Tiene,varon,30 a 34,2022
86,14238.0,Tiene,mujer,30 a 34,2022
86,23833.0,No tiene,mujer,30 a 34,2022
86,25445.0,No tiene,varon,30 a 34,2022
86,14347.0,No tiene,mujer,35 a 39,2010
86,11050.0,Tiene,varon,35 a 39,2010
86,15516.0,No tiene,varon,35 a 39,2010
86,12106.0,Tiene,mujer,35 a 39,2010
86,20620.0,No tiene,mujer,35 a 39,2022
86,15102.0,Tiene,mujer,35 a 39,2022
86,16946.0,Tiene,varon,35 a 39,2022
86,20494.0,No tiene,varon,35 a 39,2022
86,9444.0,Tiene,varon,40 a 44,2010
86,10562.0,No tiene,mujer,40 a 44,2010
86,11440.0,Tiene,mujer,40 a 44,2010
86,12286.0,No tiene,varon,40 a 44,2010
86,19312.0,Tiene,varon,40 a 44,2022
86,18878.0,No tiene,mujer,40 a 44,2022
86,18472.0,No tiene,varon,40 a 44,2022
86,16956.0,Tiene,mujer,40 a 44,2022
86,10891.0,Tiene,mujer,45 a 49,2010
86,7682.0,No tiene,mujer,45 a 49,2010
86,10661.0,No tiene,varon,45 a 49,2010
86,9764.0,Tiene,varon,45 a 49,2010
86,14582.0,Tiene,mujer,45 a 49,2022
86,13637.0,No tiene,varon,45 a 49,2022
86,17346.0,Tiene,varon,45 a 49,2022
86,15328.0,No tiene,mujer,45 a 49,2022
86,15973.0,Tiene,mujer,5 a 9,2010
86,23264.0,No tiene,mujer,5 a 9,2010
86,29771.0,No tiene,varon,5 a 9,2010
86,16408.0,Tiene,varon,5 a 9,2010
86,31230.0,No tiene,mujer,5 a 9,2022
86,16010.0,Tiene,mujer,5 a 9,2022
86,15149.0,Tiene,varon,5 a 9,2022
86,30607.0,No tiene,varon,5 a 9,2022
86,7538.0,No tiene,mujer,50 a 54,2010
86,12248.0,Tiene,mujer,50 a 54,2010
86,9438.0,No tiene,varon,50 a 54,2010
86,9281.0,Tiene,varon,50 a 54,2010
86,11562.0,No tiene,mujer,50 a 54,2022
86,15154.0,Tiene,varon,50 a 54,2022
86,9539.0,No tiene,varon,50 a 54,2022
86,12595.0,Tiene,mujer,50 a 54,2022
86,5911.0,No tiene,mujer,55 a 59,2010
86,8769.0,No tiene,varon,55 a 59,2010
86,11264.0,Tiene,mujer,55 a 59,2010
86,8861.0,Tiene,varon,55 a 59,2010
86,9300.0,No tiene,mujer,55 a 59,2022
86,7365.0,No tiene,varon,55 a 59,2022
86,14259.0,Tiene,varon,55 a 59,2022
86,11879.0,Tiene,mujer,55 a 59,2022
86,7452.0,Tiene,varon,60 a 64,2010
86,6281.0,No tiene,varon,60 a 64,2010
86,11798.0,Tiene,mujer,60 a 64,2010
86,2823.0,No tiene,mujer,60 a 64,2010
86,11447.0,Tiene,mujer,60 a 64,2022
86,4252.0,No tiene,varon,60 a 64,2022
86,15444.0,Tiene,varon,60 a 64,2022
86,7374.0,No tiene,mujer,60 a 64,2022
86,10569.0,Tiene,mujer,65 a 69,2010
86,830.0,No tiene,mujer,65 a 69,2010
86,8435.0,Tiene,varon,65 a 69,2010
86,2014.0,No tiene,varon,65 a 69,2010
86,13346.0,Tiene,mujer,65 a 69,2022
86,2732.0,No tiene,mujer,65 a 69,2022
86,927.0,No tiene,varon,65 a 69,2022
86,16492.0,Tiene,varon,65 a 69,2022
86,8965.0,Tiene,mujer,70 a 74,2010
86,697.0,No tiene,mujer,70 a 74,2010
86,7631.0,Tiene,varon,70 a 74,2010
86,676.0,No tiene,varon,70 a 74,2010
86,11608.0,Tiene,mujer,70 a 74,2022
86,576.0,No tiene,mujer,70 a 74,2022
86,495.0,No tiene,varon,70 a 74,2022
86,12726.0,Tiene,varon,70 a 74,2022
86,415.0,No tiene,varon,75 a 79,2010
86,514.0,No tiene,mujer,75 a 79,2010
86,4771.0,Tiene,varon,75 a 79,2010
86,6515.0,Tiene,mujer,75 a 79,2010
86,278.0,No tiene,mujer,75 a 79,2022
86,281.0,No tiene,varon,75 a 79,2022
86,6982.0,Tiene,mujer,75 a 79,2022
86,9521.0,Tiene,varon,75 a 79,2022
86,268.0,No tiene,varon,80 a 84,2010
86,281.0,No tiene,mujer,80 a 84,2010
86,4877.0,Tiene,mujer,80 a 84,2010
86,3114.0,Tiene,varon,80 a 84,2010
86,112.0,No tiene,mujer,80 a 84,2022
86,173.0,No tiene,varon,80 a 84,2022
86,3950.0,Tiene,mujer,80 a 84,2022
86,6346.0,Tiene,varon,80 a 84,2022
86,1272.0,Tiene,varon,85 a 89,2010
86,100.0,No tiene,varon,85 a 89,2010
86,2599.0,Tiene,mujer,85 a 89,2010
86,181.0,No tiene,mujer,85 a 89,2010
86,118.0,No tiene,varon,85 a 89,2022
86,1817.0,Tiene,mujer,85 a 89,2022
86,3581.0,Tiene,varon,85 a 89,2022
86,48.0,No tiene,mujer,85 a 89,2022
86,945.0,Tiene,mujer,90 a 94,2010
86,60.0,No tiene,mujer,90 a 94,2010
86,43.0,No tiene,varon,90 a 94,2010
86,415.0,Tiene,varon,90 a 94,2010
86,65.0,No tiene,varon,90 a 94,2022
86,706.0,Tiene,mujer,90 a 94,2022
86,55.0,No tiene,mujer,90 a 94,2022
86,1579.0,Tiene,varon,90 a 94,2022
86,209.0,Tiene,mujer,95 a 99,2010
86,10.0,No tiene,varon,95 a 99,2010
86,21.0,No tiene,mujer,95 a 99,2010
86,67.0,Tiene,varon,95 a 99,2010
86,143.0,Tiene,mujer,95 a 99,2022
86,421.0,Tiene,varon,95 a 99,2022
86,27.0,No tiene,mujer,95 a 99,2022
86,37.0,No tiene,varon,95 a 99,2022
90,28076.0,No tiene,mujer,0 a 4,2010
90,36031.0,Tiene,varon,0 a 4,2010
90,29073.0,No tiene,varon,0 a 4,2010
90,35369.0,Tiene,mujer,0 a 4,2010
90,30453.0,Tiene,varon,0 a 4,2022
90,27795.0,No tiene,mujer,0 a 4,2022
90,31175.0,Tiene,mujer,0 a 4,2022
90,27664.0,No tiene,varon,0 a 4,2022
90,30686.0,No tiene,varon,10 a 14,2010
90,39780.0,Tiene,mujer,10 a 14,2010
90,29273.0,No tiene,mujer,10 a 14,2010
90,42343.0,Tiene,varon,10 a 14,2010
90,25258.0,No tiene,varon,10 a 14,2022
90,44545.0,Tiene,varon,10 a 14,2022
90,45573.0,Tiene,mujer,10 a 14,2022
90,26009.0,No tiene,mujer,10 a 14,2022
90,18.0,Tiene,varon,100 y más,2010
90,,No tiene,mujer,100 y más,2010
90,40.0,Tiene,mujer,100 y más,2010
90,4.0,No tiene,varon,100 y más,2010
90,10.0,No tiene,varon,100 y más,2022
90,11.0,No tiene,mujer,100 y más,2022
90,34.0,Tiene,mujer,100 y más,2022
90,108.0,Tiene,varon,100 y más,2022
90,28076.0,No tiene,mujer,15 a 19,2010
90,29504.0,No tiene,varon,15 a 19,2010
90,40659.0,Tiene,varon,15 a 19,2010
90,42471.0,Tiene,mujer,15 a 19,2010
90,26323.0,No tiene,mujer,15 a 19,2022
90,45403.0,Tiene,mujer,15 a 19,2022
90,44237.0,Tiene,varon,15 a 19,2022
90,25748.0,No tiene,varon,15 a 19,2022
90,31425.0,Tiene,varon,20 a 24,2010
90,33664.0,Tiene,mujer,20 a 24,2010
90,30375.0,No tiene,varon,20 a 24,2010
90,29008.0,No tiene,mujer,20 a 24,2010
90,38924.0,Tiene,varon,20 a 24,2022
90,35758.0,No tiene,mujer,20 a 24,2022
90,37374.0,Tiene,mujer,20 a 24,2022
90,36693.0,No tiene,varon,20 a 24,2022
90,33664.0,Tiene,mujer,25 a 29,2010
90,26296.0,No tiene,varon,25 a 29,2010
90,25117.0,No tiene,mujer,25 a 29,2010
90,30592.0,Tiene,varon,25 a 29,2010
90,35521.0,No tiene,varon,25 a 29,2022
90,36123.0,Tiene,mujer,25 a 29,2022
90,34179.0,No tiene,mujer,25 a 29,2022
90,38599.0,Tiene,varon,25 a 29,2022
90,33628.0,Tiene,varon,30 a 34,2010
90,23185.0,No tiene,mujer,30 a 34,2010
90,35798.0,Tiene,mujer,30 a 34,2010
90,22875.0,No tiene,varon,30 a 34,2010
90,27514.0,No tiene,mujer,30 a 34,2022
90,39053.0,Tiene,varon,30 a 34,2022
90,35519.0,Tiene,mujer,30 a 34,2022
90,27173.0,No tiene,varon,30 a 34,2022
90,16384.0,No tiene,mujer,35 a 39,2010
90,16782.0,No tiene,varon,35 a 39,2010
90,26875.0,Tiene,varon,35 a 39,2010
90,30433.0,Tiene,mujer,35 a 39,2010
90,20782.0,No tiene,varon,35 a 39,2022
90,21811.0,No tiene,mujer,35 a 39,2022
90,35757.0,Tiene,mujer,35 a 39,2022
90,40498.0,Tiene,varon,35 a 39,2022
90,26578.0,Tiene,mujer,40 a 44,2010
90,13183.0,No tiene,varon,40 a 44,2010
90,22811.0,Tiene,varon,40 a 44,2010
90,12288.0,No tiene,mujer,40 a 44,2010
90,46343.0,Tiene,varon,40 a 44,2022
90,19478.0,No tiene,varon,40 a 44,2022
90,40549.0,Tiene,mujer,40 a 44,2022
90,21295.0,No tiene,mujer,40 a 44,2022
90,11836.0,No tiene,varon,45 a 49,2010
90,11056.0,No tiene,mujer,45 a 49,2010
90,26008.0,Tiene,mujer,45 a 49,2010
90,23486.0,Tiene,varon,45 a 49,2010
90,14793.0,No tiene,varon,45 a 49,2022
90,37857.0,Tiene,varon,45 a 49,2022
90,32600.0,Tiene,mujer,45 a 49,2022
90,16370.0,No tiene,mujer,45 a 49,2022
90,39193.0,Tiene,varon,5 a 9,2010
90,38608.0,Tiene,mujer,5 a 9,2010
90,28857.0,No tiene,mujer,5 a 9,2010
90,29453.0,No tiene,varon,5 a 9,2010
90,41533.0,Tiene,varon,5 a 9,2022
90,29329.0,No tiene,varon,5 a 9,2022
90,29825.0,No tiene,mujer,5 a 9,2022
90,42611.0,Tiene,mujer,5 a 9,2022
90,27208.0,Tiene,mujer,50 a 54,2010
90,9909.0,No tiene,mujer,50 a 54,2010
90,22338.0,Tiene,varon,50 a 54,2010
90,11348.0,No tiene,varon,50 a 54,2010
90,12998.0,No tiene,mujer,50 a 54,2022
90,27169.0,Tiene,mujer,50 a 54,2022
90,11421.0,No tiene,varon,50 a 54,2022
90,32257.0,Tiene,varon,50 a 54,2022
90,24627.0,Tiene,mujer,55 a 59,2010
90,21686.0,Tiene,varon,55 a 59,2010
90,10154.0,No tiene,varon,55 a 59,2010
90,8416.0,No tiene,mujer,55 a 59,2010
90,30826.0,Tiene,varon,55 a 59,2022
90,25173.0,Tiene,mujer,55 a 59,2022
90,10506.0,No tiene,mujer,55 a 59,2022
90,9369.0,No tiene,varon,55 a 59,2022
90,19639.0,Tiene,mujer,60 a 64,2010
90,7041.0,No tiene,varon,60 a 64,2010
90,18434.0,Tiene,varon,60 a 64,2010
90,3566.0,No tiene,mujer,60 a 64,2010
90,32867.0,Tiene,varon,60 a 64,2022
90,24103.0,Tiene,mujer,60 a 64,2022
90,5026.0,No tiene,varon,60 a 64,2022
90,8570.0,No tiene,mujer,60 a 64,2022
90,15814.0,Tiene,varon,65 a 69,2010
90,898.0,No tiene,mujer,65 a 69,2010
90,2209.0,No tiene,varon,65 a 69,2010
90,19788.0,Tiene,mujer,65 a 69,2010
90,33737.0,Tiene,varon,65 a 69,2022
90,3394.0,No tiene,mujer,65 a 69,2022
90,26923.0,Tiene,mujer,65 a 69,2022
90,1273.0,No tiene,varon,65 a 69,2022
90,11625.0,Tiene,varon,70 a 74,2010
90,587.0,No tiene,mujer,70 a 74,2010
90,15761.0,Tiene,mujer,70 a 74,2010
90,725.0,No tiene,varon,70 a 74,2010
90,26303.0,Tiene,varon,70 a 74,2022
90,21668.0,Tiene,mujer,70 a 74,2022
90,774.0,No tiene,varon,70 a 74,2022
90,791.0,No tiene,mujer,70 a 74,2022
90,531.0,No tiene,varon,75 a 79,2010
90,13018.0,Tiene,mujer,75 a 79,2010
90,687.0,No tiene,mujer,75 a 79,2010
90,8505.0,Tiene,varon,75 a 79,2010
90,415.0,No tiene,varon,75 a 79,2022
90,395.0,No tiene,mujer,75 a 79,2022
90,12314.0,Tiene,mujer,75 a 79,2022
90,17464.0,Tiene,varon,75 a 79,2022
90,321.0,No tiene,mujer,80 a 84,2010
90,9088.0,Tiene,mujer,80 a 84,2010
90,5462.0,Tiene,varon,80 a 84,2010
90,313.0,No tiene,varon,80 a 84,2010
90,251.0,No tiene,varon,80 a 84,2022
90,7112.0,Tiene,mujer,80 a 84,2022
90,11689.0,Tiene,varon,80 a 84,2022
90,208.0,No tiene,mujer,80 a 84,2022
90,98.0,No tiene,varon,85 a 89,2010
90,197.0,No tiene,mujer,85 a 89,2010
90,4781.0,Tiene,mujer,85 a 89,2010
90,2441.0,Tiene,varon,85 a 89,2010
90,109.0,No tiene,mujer,85 a 89,2022
90,131.0,No tiene,varon,85 a 89,2022
90,7009.0,Tiene,varon,85 a 89,2022
90,3176.0,Tiene,mujer,85 a 89,2022
90,610.0,Tiene,varon,90 a 94,2010
90,1689.0,Tiene,mujer,90 a 94,2010
90,56.0,No tiene,mujer,90 a 94,2010
90,37.0,No tiene,varon,90 a 94,2010
90,98.0,No tiene,mujer,90 a 94,2022
90,3144.0,Tiene,varon,90 a 94,2022
90,1208.0,Tiene,mujer,90 a 94,2022
90,129.0,No tiene,varon,90 a 94,2022
90,3.0,No tiene,varon,95 a 99,2010
90,19.0,No tiene,mujer,95 a 99,2010
90,99.0,Tiene,varon,95 a 99,2010
90,403.0,Tiene,mujer,95 a 99,2010
90,796.0,Tiene,varon,95 a 99,2022
90,62.0,No tiene,varon,95 a 99,2022
90,53.0,No tiene,mujer,95 a 99,2022
90,244.0,Tiene,mujer,95 a 99,2022
94,4357.0,Tiene,mujer,0 a 4,2010
94,843.0,No tiene,varon,0 a 4,2010
94,5119.0,Tiene,varon,0 a 4,2010
94,844.0,No tiene,mujer,0 a 4,2010
94,670.0,No tiene,varon,0 a 4,2022
94,5312.0,Tiene,mujer,0 a 4,2022
94,675.0,No tiene,mujer,0 a 4,2022
94,5067.0,Tiene,varon,0 a 4,2022
94,1316.0,No tiene,mujer,10 a 14,2010
94,1170.0,No tiene,varon,10 a 14,2010
94,4489.0,Tiene,varon,10 a 14,2010
94,4811.0,Tiene,mujer,10 a 14,2010
94,7030.0,Tiene,mujer,10 a 14,2022
94,6761.0,Tiene,varon,10 a 14,2022
94,765.0,No tiene,varon,10 a 14,2022
94,759.0,No tiene,mujer,10 a 14,2022
94,,Tiene,mujer,100 y más,2010
94,1.0,Tiene,varon,100 y más,2010
94,,Tiene,mujer,100 y más,2022
94,3.0,Tiene,varon,100 y más,2022
94,1445.0,No tiene,varon,15 a 19,2010
94,4350.0,Tiene,varon,15 a 19,2010
94,4537.0,Tiene,mujer,15 a 19,2010
94,1264.0,No tiene,mujer,15 a 19,2010
94,999.0,No tiene,varon,15 a 19,2022
94,1040.0,No tiene,mujer,15 a 19,2022
94,6167.0,Tiene,mujer,15 a 19,2022
94,5831.0,Tiene,varon,15 a 19,2022
94,3522.0,Tiene,mujer,20 a 24,2010
94,1462.0,No tiene,mujer,20 a 24,2010
94,1691.0,No tiene,varon,20 a 24,2010
94,3371.0,Tiene,varon,20 a 24,2010
94,2373.0,No tiene,mujer,20 a 24,2022
94,1907.0,No tiene,varon,20 a 24,2022
94,4351.0,Tiene,mujer,20 a 24,2022
94,4395.0,Tiene,varon,20 a 24,2022
94,4073.0,Tiene,varon,25 a 29,2010
94,1527.0,No tiene,varon,25 a 29,2010
94,1496.0,No tiene,mujer,25 a 29,2010
94,3955.0,Tiene,mujer,25 a 29,2010
94,2543.0,No tiene,mujer,25 a 29,2022
94,1926.0,No tiene,varon,25 a 29,2022
94,6309.0,Tiene,varon,25 a 29,2022
94,5319.0,Tiene,mujer,25 a 29,2022
94,4163.0,Tiene,mujer,30 a 34,2010
94,4774.0,Tiene,varon,30 a 34,2010
94,1571.0,No tiene,varon,30 a 34,2010
94,936.0,No tiene,mujer,30 a 34,2010
94,7577.0,Tiene,varon,30 a 34,2022
94,6639.0,Tiene,mujer,30 a 34,2022
94,2094.0,No tiene,mujer,30 a 34,2022
94,1359.0,No tiene,varon,30 a 34,2022
94,918.0,No tiene,varon,35 a 39,2010
94,800.0,No tiene,mujer,35 a 39,2010
94,3839.0,Tiene,varon,35 a 39,2010
94,3707.0,Tiene,mujer,35 a 39,2010
94,7105.0,Tiene,varon,35 a 39,2022
94,6462.0,Tiene,mujer,35 a 39,2022
94,1489.0,No tiene,mujer,35 a 39,2022
94,1014.0,No tiene,varon,35 a 39,2022
94,3260.0,Tiene,varon,40 a 44,2010
94,749.0,No tiene,mujer,40 a 44,2010
94,894.0,No tiene,varon,40 a 44,2010
94,3234.0,Tiene,mujer,40 a 44,2010
94,6170.0,Tiene,mujer,40 a 44,2022
94,6347.0,Tiene,varon,40 a 44,2022
94,1215.0,No tiene,mujer,40 a 44,2022
94,912.0,No tiene,varon,40 a 44,2022
94,806.0,No tiene,varon,45 a 49,2010
94,3745.0,Tiene,varon,45 a 49,2010
94,727.0,No tiene,mujer,45 a 49,2010
94,3159.0,Tiene,mujer,45 a 49,2010
94,5071.0,Tiene,varon,45 a 49,2022
94,704.0,No tiene,varon,45 a 49,2022
94,924.0,No tiene,mujer,45 a 49,2022
94,4818.0,Tiene,mujer,45 a 49,2022
94,1126.0,No tiene,varon,5 a 9,2010
94,4642.0,Tiene,varon,5 a 9,2010
94,4498.0,Tiene,mujer,5 a 9,2010
94,1193.0,No tiene,mujer,5 a 9,2010
94,7051.0,Tiene,varon,5 a 9,2022
94,6622.0,Tiene,mujer,5 a 9,2022
94,643.0,No tiene,varon,5 a 9,2022
94,805.0,No tiene,mujer,5 a 9,2022
94,2010.0,Tiene,mujer,50 a 54,2010
94,2911.0,Tiene,varon,50 a 54,2010
94,866.0,No tiene,varon,50 a 54,2010
94,553.0,No tiene,mujer,50 a 54,2010
94,3813.0,Tiene,mujer,50 a 54,2022
94,613.0,No tiene,mujer,50 a 54,2022
94,3677.0,Tiene,varon,50 a 54,2022
94,456.0,No tiene,varon,50 a 54,2022
94,1718.0,Tiene,mujer,55 a 59,2010
94,438.0,No tiene,varon,55 a 59,2010
94,2280.0,Tiene,varon,55 a 59,2010
94,429.0,No tiene,mujer,55 a 59,2010
94,4314.0,Tiene,varon,55 a 59,2022
94,467.0,No tiene,varon,55 a 59,2022
94,3828.0,Tiene,mujer,55 a 59,2022
94,619.0,No tiene,mujer,55 a 59,2022
94,406.0,No tiene,varon,60 a 64,2010
94,114.0,No tiene,mujer,60 a 64,2010
94,1400.0,Tiene,varon,60 a 64,2010
94,1296.0,Tiene,mujer,60 a 64,2010
94,249.0,No tiene,varon,60 a 64,2022
94,3706.0,Tiene,varon,60 a 64,2022
94,3513.0,Tiene,mujer,60 a 64,2022
94,509.0,No tiene,mujer,60 a 64,2022
94,194.0,No tiene,varon,65 a 69,2010
94,771.0,Tiene,mujer,65 a 69,2010
94,834.0,Tiene,varon,65 a 69,2010
94,60.0,No tiene,mujer,65 a 69,2010
94,59.0,No tiene,varon,65 a 69,2022
94,2631.0,Tiene,varon,65 a 69,2022
94,158.0,No tiene,mujer,65 a 69,2022
94,2419.0,Tiene,mujer,65 a 69,2022
94,40.0,No tiene,mujer,70 a 74,2010
94,529.0,Tiene,mujer,70 a 74,2010
94,47.0,No tiene,varon,70 a 74,2010
94,425.0,Tiene,varon,70 a 74,2010
94,1528.0,Tiene,mujer,70 a 74,2022
94,22.0,No tiene,varon,70 a 74,2022
94,11.0,No tiene,mujer,70 a 74,2022
94,1664.0,Tiene,varon,70 a 74,2022
94,15.0,No tiene,mujer,75 a 79,2010
94,2.0,No tiene,varon,75 a 79,2010
94,441.0,Tiene,mujer,75 a 79,2010
94,339.0,Tiene,varon,75 a 79,2010
94,15.0,No tiene,mujer,75 a 79,2022
94,790.0,Tiene,mujer,75 a 79,2022
94,985.0,Tiene,varon,75 a 79,2022
94,5.0,No tiene,varon,75 a 79,2022
94,91.0,Tiene,varon,80 a 84,2010
94,6.0,No tiene,varon,80 a 84,2010
94,11.0,No tiene,mujer,80 a 84,2010
94,305.0,Tiene,mujer,80 a 84,2010
94,13.0,No tiene,varon,80 a 84,2022
94,17.0,No tiene,mujer,80 a 84,2022
94,605.0,Tiene,varon,80 a 84,2022
94,316.0,Tiene,mujer,80 a 84,2022
94,141.0,Tiene,mujer,85 a 89,2010
94,68.0,Tiene,varon,85 a 89,2010
94,8.0,No tiene,mujer,85 a 89,2010
94,,No tiene,varon,85 a 89,2010
94,314.0,Tiene,varon,85 a 89,2022
94,5.0,No tiene,mujer,85 a 89,2022
94,160.0,Tiene,mujer,85 a 89,2022
94,10.0,No tiene,varon,85 a 89,2022
94,55.0,Tiene,mujer,90 a 94,2010
94,,No tiene,mujer,90 a 94,2010
94,6.0,No tiene,varon,90 a 94,2010
94,6.0,Tiene,varon,90 a 94,2010
94,2.0,No tiene,varon,90 a 94,2022
94,71.0,Tiene,mujer,90 a 94,2022
94,5.0,No tiene,mujer,90 a 94,2022
94,159.0,Tiene,varon,90 a 94,2022
94,1.0,Tiene,varon,95 a 99,2010
94,1.0,No tiene,mujer,95 a 99,2010
94,,Tiene,mujer,95 a 99,2010
94,,No tiene,varon,95 a 99,2010
94,4.0,No tiene,mujer,95 a 99,2022
94,22.0,Tiene,mujer,95 a 99,2022
94,62.0,Tiene,varon,95 a 99,2022
94,4.0,No tiene,varon,95 a 99,2022
